"player","rank_01","fpts_01","rank_02","fpts_02","rank_03","fpts_03","rank_04","fpts_04","rank_05","fpts_05","rank_06","fpts_06","rank_07","fpts_07","rank_08","fpts_08","rank_09","fpts_09","rank_10","fpts_10","rank_11","fpts_11","rank_12","fpts_12","rank_13","fpts_13","rank_14","fpts_14","rank_15","fpts_15","rank_16","fpts_16","rank_17","fpts_17","ecr_01","ecr_02","ecr_03","ecr_04","ecr_05","ecr_06","ecr_07","ecr_08","ecr_09","ecr_10","ecr_11","ecr_12","ecr_13","ecr_14","ecr_15","ecr_16","ecr_17"
"A.J. Brown",34,10,77,2.5,112,0.4,2,21.4,63,2.7,64,2.3,39,6.2,34,7.1,26,8.1,70,1.7,134,0,5,19.5,58,4.5,1,28.6,10,17.4,8,14.3,4,18.4,87,53,60,63,56,50,45,39,43,35,NA,44,43,35,16,14,7
"A.J. Green",365,0,349,0,346,0,339,0,336,0,331,0,338,0,346,0,334,0,335,0,329,0,330,0,338,0,334,0,342,0,339,0,333,0,NA,NA,NA,NA,NA,NA,NA,NA,NA,NA,NA,NA,NA,NA,NA,NA,NA
"A.J. Richardson",160,0,156,0,158,0,153,0,167,0,145,0,146,0,154,0,102,0,91,0,138,0,113,0,116,0,122,0,114,0,126,0,151,0,NA,NA,NA,NA,NA,NA,NA,NA,NA,NA,NA,NA,NA,NA,NA,NA,NA
"Aaron Fuller",325,0,311,0,308,0,301,0,299,0,293,0,296,0,303,0,293,0,292,0,286,0,288,0,297,0,295,0,301,0,296,0,289,0,NA,NA,NA,NA,NA,NA,NA,NA,NA,NA,NA,NA,NA,NA,NA,NA,NA
"Aaron Parker",264,0,249,0,249,0,242,0,239,0,234,0,237,0,244,0,234,0,233,0,227,0,229,0,238,0,235,0,241,0,237,0,230,0,NA,NA,NA,NA,NA,NA,NA,NA,NA,NA,NA,NA,NA,NA,NA,NA,NA
"Adam Humphries",109,0.5,378,0,30,9.3,75,1.5,57,3,40,4.7,58,4,70,2.4,38,6.5,25,8.3,362,0,73,2,38,7.3,366,0,370,0,369,0,365,0,56,76,85,67,71,67,58,68,53,48,NA,63,67,NA,NA,NA,NA
"Adam Thielen",28,10.3,41,7.5,9,17.6,101,0.6,5,25,12,11.7,28,8.5,402,0,396,0,399,0,396,0,400,0,399,0,397,0,64,3,110,0.2,396,0,10,11,14,19,11,9,9,NA,15,NA,NA,NA,NA,NA,29,23,71
"Ahmad Wagner",276,0,261,0,260,0,253,0,250,0,245,0,249,0,256,0,246,0,245,0,239,0,241,0,249,0,246,0,252,0,249,0,242,0,NA,NA,NA,NA,NA,NA,NA,NA,NA,NA,NA,NA,NA,NA,NA,NA,NA
"Albert Wilson",90,1.4,401,0,399,0,393,0,389,0,77,1.5,79,2.2,40,6.5,94,0.3,391,0,66,2.6,56,3.7,40,6.3,110,0.5,48,5.9,32,8.8,35,6.7,52,NA,NA,NA,NA,60,68,74,69,60,66,67,77,66,73,61,55
"Alex Bachman",144,0,144,0,147,0,143,0,118,0,130,0,133,0,141,0,137,0,130,0,126,0,138,0,149,0,146,0,154,0,147,0,140,0,NA,NA,NA,NA,NA,NA,NA,NA,NA,NA,NA,NA,NA,NA,NA,NA,NA
"Alex Erickson",100,0.8,92,1.4,95,1.3,380,0,92,0.7,30,6.4,9,13.5,24,9.7,377,0,75,1.3,383,0,49,4.3,81,2.1,46,5.5,399,-1.4,46,5.5,79,2.1,NA,NA,NA,NA,NA,NA,76,57,NA,59,63,65,68,82,75,67,59
"Alexander Hollins",159,0,155,0,157,0,151,0,162,0,142,0,145,0,153,0,101,0,134,0,137,0,110,0,127,0,119,0,116,0,125,0,50,4.6,NA,NA,NA,NA,NA,NA,NA,NA,NA,NA,NA,NA,NA,NA,NA,NA,NA
"Allen Hurns",83,2.2,93,1.3,106,0.6,401,0,399,0,75,1.6,48,5.3,32,7.2,73,1.6,53,3.2,58,3.3,19,10.2,66,3.3,44,6.8,98,0.9,53,4.1,395,0,NA,109,NA,NA,NA,NA,NA,101,94,66,61,57,54,52,49,63,NA
"Allen Lazard",231,0,218,0,220,0,209,0,208,0,10,12.5,56,4.2,59,4.2,49,4.4,58,2.7,196,0,65,2.8,9,16.3,86,1.9,86,1.4,50,4.5,16,12.9,NA,NA,NA,NA,NA,NA,53,64,54,61,NA,62,64,55,60,64,52
"Allen Robinson",30,10.2,62,4.1,48,6,26,7.7,7,21.7,388,0,5,14.7,44,6.2,89,0.6,22,8.6,80,1.5,6,19.1,11,14.6,9,16.8,16,12.5,47,5.3,31,7.3,21,24,25,27,20,NA,25,14,11,12,19,14,15,14,10,10,6
"Alonzo Russell",432,0,NA,NA,NA,NA,NA,NA,NA,NA,NA,NA,NA,NA,NA,NA,NA,NA,NA,NA,NA,NA,NA,NA,NA,NA,NA,NA,NA,NA,NA,NA,NA,NA,NA,NA,NA,NA,NA,NA,NA,NA,NA,NA,NA,NA,NA,NA,NA,NA,NA
"Alshon Jeffery",13,17.1,344,0,343,0,19,9.8,40,5.2,9,13.6,59,3.8,41,6.4,56,3.6,332,0,326,0,327,0,3,19.7,331,0,338,0,335,0,329,0,23,25,NA,37,19,29,22,30,26,NA,NA,NA,31,NA,NA,NA,NA
"Amara Darboh",197,0,190,0,192,0,185,0,186,0,194,0,189,0,189,0,198,0,169,0,190,0,123,0,129,0,114,0,172,0,116,0,189,0,NA,NA,NA,NA,NA,NA,NA,NA,NA,NA,NA,NA,NA,NA,NA,NA,NA
"Amari Cooper",14,16.6,24,10.4,6,20.8,41,4.8,3,28.6,95,0.3,17,10.6,395,0,12,14,4,20.7,53,3.8,397,0,33,8.5,14,14.3,80,1.9,68,2.4,25,9.8,13,9,6,6,8,7,20,NA,3,8,6,15,18,16,15,12,9
"Andre Baccellia",335,0,321,0,318,0,311,0,309,0,303,0,319,0,326,0,316,0,315,0,309,0,311,0,327,0,324,0,331,0,319,0,312,0,NA,NA,NA,NA,NA,NA,NA,NA,NA,NA,NA,NA,NA,NA,NA,NA,NA
"Andre Holmes",373,0,NA,NA,NA,NA,NA,NA,NA,NA,NA,NA,NA,NA,NA,NA,NA,NA,NA,NA,NA,NA,NA,NA,NA,NA,NA,NA,NA,NA,NA,NA,NA,NA,NA,NA,NA,NA,NA,NA,NA,NA,NA,NA,NA,NA,NA,NA,NA,NA,NA
"Andre Patton",194,0,187,0,189,0,64,2.2,178,0,174,0,177,0,184,0,184,0,163,0,170,0,185,0,99,0.8,183,0,100,0.8,79,1.8,181,0,NA,NA,NA,NA,NA,NA,NA,NA,NA,NA,NA,NA,NA,104,NA,NA,NA
"Andre Roberts",398,0,368,0,365,0,99,0.6,93,0.7,353,0,356,0,366,0,358,0,83,0.7,351,0,352,0,359,0,355,0,102,0.7,359,0,355,0,NA,NA,NA,NA,NA,NA,NA,NA,NA,NA,NA,NA,NA,NA,NA,124,NA
"Andy Fantuz",366,0,350,0,347,0,340,0,335,0,330,0,336,0,343,0,333,0,334,0,328,0,329,0,336,0,333,0,340,0,338,0,331,0,NA,NA,NA,NA,NA,NA,NA,NA,NA,NA,NA,NA,NA,NA,NA,NA,NA
"Andy Isabella",157,0,153,0,155,0,102,0.5,85,1.1,140,0,89,0.8,151,0,9,14.8,28,7.8,92,0.6,109,0,124,0,107,0.5,110,0.3,119,0,149,0,91,NA,NA,NA,86,NA,NA,NA,NA,81,69,NA,80,84,NA,NA,NA
"Andy Jones",431,0,NA,NA,NA,NA,NA,NA,NA,NA,NA,NA,NA,NA,NA,NA,NA,NA,NA,NA,NA,NA,NA,NA,NA,NA,NA,NA,NA,NA,NA,NA,NA,NA,NA,NA,NA,NA,NA,NA,NA,NA,NA,NA,NA,NA,NA,NA,NA,NA,NA
"Anthony Johnson",165,0,125,0,163,0,158,0,156,0,150,0,151,0,159,0,108,0,96,0,143,0,97,0,109,0,113,0,122,0,112,0,155,0,NA,NA,NA,NA,NA,NA,NA,NA,NA,NA,NA,NA,NA,NA,NA,NA,NA
"Anthony Miller",252,0,110,0.2,92,1.5,86,1.1,41,5.2,217,0,54,4.3,37,6.7,211,0,84,0.7,41,5.4,27,7.7,12,14,28,10.2,9,17.8,108,0.2,107,0.5,49,69,77,69,67,NA,59,61,51,56,64,61,51,38,38,29,29
"Antoine Wesley",170,0,169,0,173,0,166,0,142,0,157,0,162,0,168,0,167,0,154,0,154,0,154,0,164,0,151,0,159,0,154,0,164,0,NA,NA,NA,NA,NA,NA,NA,NA,NA,NA,NA,NA,NA,NA,NA,NA,NA
"Antonio Brown",NA,NA,19,12.1,NA,NA,NA,NA,NA,NA,NA,NA,NA,NA,NA,NA,NA,NA,NA,NA,NA,NA,NA,NA,NA,NA,NA,NA,NA,NA,NA,NA,NA,NA,NA,30,NA,NA,NA,NA,NA,NA,NA,NA,NA,NA,NA,NA,NA,NA,NA
"Antonio Callaway",247,0,NA,NA,NA,NA,NA,NA,217,0,66,2.2,NA,NA,90,1.1,44,5.6,NA,NA,NA,NA,NA,NA,NA,NA,NA,NA,NA,NA,NA,NA,NA,NA,NA,NA,NA,NA,79,70,NA,NA,79,NA,NA,NA,NA,NA,NA,NA,NA
"Antonio Gandy-Golden",322,0,308,0,305,0,298,0,296,0,290,0,284,0,291,0,281,0,280,0,274,0,276,0,293,0,292,0,297,0,284,0,277,0,NA,NA,NA,NA,NA,NA,NA,NA,NA,NA,NA,NA,NA,NA,NA,NA,NA
"Antonio Gibson",274,0,259,0,258,0,251,0,248,0,243,0,247,0,254,0,244,0,243,0,237,0,239,0,247,0,244,0,250,0,247,0,240,0,NA,NA,NA,NA,NA,NA,NA,NA,NA,NA,NA,NA,NA,NA,NA,NA,NA
"Artavis Scott",215,0,204,0,205,0,198,0,194,0,189,0,196,0,202,0,214,0,180,0,185,0,193,0,227,0,194,0,119,0,198,0,195,0,NA,NA,NA,NA,NA,NA,NA,NA,NA,NA,NA,NA,NA,NA,NA,NA,NA
"Ashton Dulin",139,0,163,0,165,0,160,0,144,0,137,0,140,0,147,0,155,0,146,0,122,0,162,0,88,1.3,169,0,108,0.4,173,0,134,0,NA,NA,NA,NA,NA,NA,NA,NA,NA,NA,NA,NA,NA,NA,NA,NA,NA
"Auden Tate",229,0,103,0.6,42,6.8,39,5,25,8.6,19,9.1,38,6.5,38,6.5,216,0,49,3.6,40,5.6,82,1,39,6.6,89,1.6,228,0,212,0,205,0,NA,NA,NA,NA,42,45,34,46,NA,43,41,79,53,53,NA,NA,NA
"Austin Carr",209,0,201,0,202,0,195,0,190,0,180,0,192,0,92,0.9,173,0,176,0,180,0,204,0,218,0,208,0,139,0,223,0,191,0,NA,NA,NA,NA,NA,NA,NA,NA,NA,NA,NA,NA,NA,NA,NA,NA,NA
"Austin Collie",388,0,360,0,356,0,352,0,346,0,344,0,347,0,357,0,348,0,348,0,341,0,343,0,349,0,346,0,351,0,350,0,347,0,NA,NA,NA,NA,NA,NA,NA,NA,NA,NA,NA,NA,NA,NA,NA,NA,NA
"Austin Mack",258,0,243,0,253,0,246,0,243,0,238,0,241,0,248,0,238,0,237,0,231,0,233,0,242,0,239,0,245,0,241,0,234,0,NA,NA,NA,NA,NA,NA,NA,NA,NA,NA,NA,NA,NA,NA,NA,NA,NA
"Bennie Fowler III",65,4,45,7.1,111,0.5,107,0.3,398,0,398,0,61,3.5,80,2.1,66,2.2,50,3.6,395,0,399,0,398,0,396,0,396,0,397,0,394,0,NA,90,NA,76,NA,NA,NA,NA,NA,NA,NA,NA,NA,NA,NA,NA,NA
"Binjimen Victor",275,0,260,0,259,0,252,0,249,0,244,0,248,0,255,0,245,0,244,0,238,0,240,0,248,0,245,0,251,0,248,0,241,0,NA,NA,NA,NA,NA,NA,NA,NA,NA,NA,NA,NA,NA,NA,NA,NA,NA
"Bobby Wade",387,0,359,0,355,0,351,0,345,0,343,0,346,0,356,0,347,0,347,0,340,0,342,0,348,0,345,0,350,0,349,0,346,0,NA,NA,NA,NA,NA,NA,NA,NA,NA,NA,NA,NA,NA,NA,NA,NA,NA
"Bobo Wilson",190,0,184,0,187,0,79,1.4,87,1.1,400,-1,NA,NA,NA,NA,NA,NA,NA,NA,NA,NA,NA,NA,NA,NA,NA,NA,NA,NA,NA,NA,NA,NA,NA,NA,NA,NA,113,NA,NA,NA,NA,NA,NA,NA,NA,NA,NA,NA,NA
"Bradley Marquez",423,0,NA,NA,NA,NA,NA,NA,NA,NA,NA,NA,NA,NA,NA,NA,NA,NA,NA,NA,NA,NA,NA,NA,NA,NA,NA,NA,NA,NA,NA,NA,NA,NA,NA,NA,NA,NA,NA,NA,NA,NA,NA,NA,NA,NA,NA,NA,NA,NA,NA
"Brandin Cooks",66,3.9,12,13.6,22,12,30,7.1,38,5.6,57,3.2,45,5.9,393,0,389,0,387,0,387,0,61,3.3,75,2.4,387,0,53,4.6,24,9.9,54,4,12,13,18,13,15,22,13,23,NA,NA,NA,39,33,39,54,62,49
"Brandon Aiyuk",330,0,316,0,313,0,306,0,304,0,298,0,301,0,308,0,298,0,297,0,291,0,293,0,302,0,300,0,306,0,301,0,294,0,NA,NA,NA,NA,NA,NA,NA,NA,NA,NA,NA,NA,NA,NA,NA,NA,NA
"Brandon LaFell",397,0,NA,NA,NA,NA,NA,NA,NA,NA,NA,NA,NA,NA,NA,NA,NA,NA,NA,NA,NA,NA,NA,NA,NA,NA,NA,NA,NA,NA,NA,NA,NA,NA,NA,NA,NA,NA,NA,NA,NA,NA,NA,NA,NA,NA,NA,NA,NA,NA,NA
"Brandon London",386,0,358,0,354,0,350,0,344,0,342,0,345,0,355,0,346,0,346,0,339,0,341,0,347,0,344,0,349,0,348,0,345,0,NA,NA,NA,NA,NA,NA,NA,NA,NA,NA,NA,NA,NA,NA,NA,NA,NA
"Brandon Marshall",385,0,NA,NA,NA,NA,NA,NA,NA,NA,NA,NA,NA,NA,NA,NA,NA,NA,NA,NA,NA,NA,NA,NA,NA,NA,NA,NA,NA,NA,NA,NA,NA,NA,NA,NA,NA,NA,NA,NA,NA,NA,NA,NA,NA,NA,NA,NA,NA,NA,NA
"Brandon Polk",341,0,327,0,324,0,317,0,315,0,309,0,312,0,319,0,309,0,308,0,302,0,304,0,314,0,311,0,318,0,312,0,305,0,NA,NA,NA,NA,NA,NA,NA,NA,NA,NA,NA,NA,NA,NA,NA,NA,NA
"Brandon Powell",236,0,221,0,222,0,213,0,213,0,210,0,213,0,220,0,197,0,200,0,163,0,197,0,207,0,204,0,207,0,197,0,212,0,NA,NA,NA,NA,NA,NA,NA,NA,NA,NA,NA,NA,NA,NA,NA,NA,NA
"Brandon Tate",384,0,NA,NA,NA,NA,NA,NA,NA,NA,NA,NA,NA,NA,NA,NA,NA,NA,NA,NA,NA,NA,NA,NA,NA,NA,NA,NA,NA,NA,NA,NA,NA,NA,NA,NA,NA,NA,NA,NA,NA,NA,NA,NA,NA,NA,NA,NA,NA,NA,NA
"Brandon Zylstra",253,0,238,0,232,0,222,0,230,0,225,0,230,0,236,0,213,0,226,0,218,0,186,0,221,0,106,0.7,183,0,107,0.3,26,9.6,NA,NA,NA,NA,NA,NA,NA,NA,NA,NA,NA,NA,NA,NA,NA,NA,NA
"Braxton Berrios",246,0,226,0,75,2.9,211,0,210,0,202,0,397,-1.9,217,0,227,0,213,0,199,0,33,6.9,105,0.5,210,0,203,0,216,0,97,1.1,NA,NA,NA,NA,NA,NA,NA,NA,NA,NA,NA,NA,NA,NA,NA,NA,NA
"Breshad Perriman",97,1,404,0,87,1.9,396,0,392,0,393,0,392,0,396,0,21,10.2,71,1.7,74,2,47,4.4,32,8.7,17,13,1,29.6,23,10.2,3,19.4,84,88,87,NA,NA,NA,NA,NA,NA,73,77,85,87,75,44,15,12
"Brian Quick",356,0,NA,NA,NA,NA,NA,NA,NA,NA,NA,NA,NA,NA,NA,NA,NA,NA,NA,NA,NA,NA,NA,NA,NA,NA,NA,NA,NA,NA,NA,NA,NA,NA,NA,NA,NA,NA,NA,NA,NA,NA,NA,NA,NA,NA,NA,NA,NA,NA,NA
"Bryan Edwards",140,0,164,0,168,0,161,0,140,0,127,0,129,0,148,0,162,0,148,0,147,0,163,0,174,0,171,0,160,0,174,0,145,0,NA,NA,NA,NA,NA,NA,NA,NA,NA,NA,NA,NA,NA,NA,NA,NA,NA
"Bryant Mitchell",173,0,171,0,166,0,169,0,146,0,159,0,164,0,170,0,153,0,157,0,156,0,146,0,154,0,153,0,169,0,157,0,167,0,NA,NA,NA,NA,NA,NA,NA,NA,NA,NA,NA,NA,NA,NA,NA,NA,NA
"Byron Pringle",237,0,224,0,104,0.7,84,1.3,12,16.3,63,2.4,214,0,219,0,200,0,203,0,88,0.9,187,0,196,0,91,1.4,209,0,199,0,211,0,NA,NA,NA,NA,NA,68,62,NA,NA,NA,NA,NA,NA,NA,NA,NA,NA
"C.J. Board",181,0,180,0,184,0,178,0,171,0,171,0,171,0,180,0,65,2.3,183,0,166,0,182,0,190,0,187,0,101,0.8,191,0,179,0,NA,NA,NA,NA,NA,NA,NA,NA,NA,NA,NA,NA,NA,NA,NA,NA,NA
"Calvin Ridley",22,12.4,9,16.5,109,0.6,58,3.2,14,14.8,15,10.8,68,3,26,9,208,0,46,4.7,3,20.3,9,16,31,9.1,16,13.6,195,0,184,0,222,0,29,26,23,26,28,23,23,28,NA,22,23,11,12,NA,NA,NA,NA
"Cam Batson",114,0,119,0,121,0,108,0,121,0,102,0,110,0,121,0,117,0,103,0,99,0,122,0,161,0,158,0,212,0,203,0,115,0,NA,NA,NA,NA,NA,NA,NA,NA,NA,NA,NA,NA,NA,NA,NA,NA,NA
"Cam Phillips",126,0,NA,NA,NA,NA,NA,NA,NA,NA,NA,NA,NA,NA,NA,NA,NA,NA,NA,NA,NA,NA,NA,NA,NA,NA,NA,NA,NA,NA,NA,NA,NA,NA,NA,NA,NA,NA,NA,NA,NA,NA,NA,NA,NA,NA,NA,NA,NA,NA,NA
"Cam Sims",125,0,122,0,124,0,115,0,111,0,101,0,108,0,117,0,111,0,111,0,107,0,115,0,134,0,126,0,136,0,84,1.5,95,1.2,NA,NA,NA,NA,NA,NA,NA,NA,NA,NA,NA,NA,NA,NA,NA,NA,NA
"Cedrick Wilson",249,0,234,0,234,0,225,0,225,0,41,4.6,212,0,230,0,205,0,219,0,203,0,205,0,213,0,216,0,192,0,209,0,221,0,NA,NA,NA,NA,NA,NA,NA,NA,NA,NA,NA,NA,NA,NA,NA,NA,NA
"CeeDee Lamb",302,0,287,0,284,0,277,0,274,0,269,0,275,0,282,0,272,0,271,0,265,0,267,0,281,0,269,0,285,0,275,0,268,0,NA,NA,NA,NA,NA,NA,NA,NA,NA,NA,NA,NA,NA,NA,NA,NA,NA
"Chad Beebe",99,0.9,49,6.1,126,0,118,0,106,0,107,0,114,0,113,0,122,0,110,0,104,0,117,0,128,0,125,0,135,0,128,0,120,0,NA,NA,NA,NA,NA,NA,NA,NA,NA,NA,NA,NA,NA,NA,NA,NA,NA
"Chad Hansen",199,0,192,0,194,0,186,0,183,0,184,0,182,0,191,0,97,0,217,0,187,0,101,0,131,0,117,0,181,0,118,0,188,0,NA,NA,NA,NA,NA,NA,NA,NA,NA,NA,NA,NA,NA,NA,NA,NA,NA
"Chad Williams",187,0,182,0,185,0,179,0,173,0,167,0,172,0,181,0,178,0,186,0,164,0,179,0,191,0,189,0,232,0,181,0,176,0,NA,NA,NA,NA,NA,NA,NA,NA,NA,NA,NA,NA,NA,NA,NA,NA,NA
"Charone Peake",435,0,NA,NA,NA,NA,NA,NA,NA,NA,NA,NA,NA,NA,NA,NA,NA,NA,NA,NA,NA,NA,NA,NA,NA,NA,NA,NA,NA,NA,NA,NA,NA,NA,NA,NA,NA,NA,NA,NA,NA,NA,NA,NA,NA,NA,NA,NA,NA,NA,NA
"Chase Claypool",154,0,166,0,170,0,163,0,138,0,153,0,157,0,165,0,164,0,150,0,150,0,165,0,176,0,173,0,162,0,176,0,146,0,NA,NA,NA,NA,NA,NA,NA,NA,NA,NA,NA,NA,NA,NA,NA,NA,NA
"Chester Rogers",428,0,79,2.4,385,0,16,10.8,371,0,368,0,75,2.4,96,0.7,41,6.2,54,3.1,64,2.9,81,1.2,375,0,371,0,376,0,374,0,371,0,119,118,99,83,78,NA,95,NA,71,47,57,84,NA,NA,NA,NA,NA
"Chris Conley",18,15.7,42,7.3,73,3,74,1.7,64,2.6,365,0,21,10.3,6,16.3,61,3.2,368,0,37,5.8,44,4.9,43,5.7,105,0.7,11,16.9,17,11.6,58,3.8,83,66,55,62,63,59,57,67,34,NA,53,47,48,54,42,45,38
"Chris Finke",265,0,250,0,250,0,243,0,240,0,235,0,238,0,245,0,235,0,234,0,228,0,230,0,239,0,236,0,242,0,238,0,231,0,NA,NA,NA,NA,NA,NA,NA,NA,NA,NA,NA,NA,NA,NA,NA,NA,NA
"Chris Godwin",25,11.3,4,18.1,63,4,1,29.2,6,24.5,7,15.1,185,0,42,6.3,32,6.9,31,7.4,15,10.7,1,30.4,54,5,31,9.1,20,12.1,163,0,187,0,14,16,8,23,7,6,NA,2,2,2,7,6,5,5,3,NA,NA
"Chris Henry",390,0,362,0,358,0,354,0,348,0,346,0,349,0,359,0,349,0,350,0,343,0,345,0,351,0,348,0,353,0,352,0,349,0,NA,NA,NA,NA,NA,NA,NA,NA,NA,NA,NA,NA,NA,NA,NA,NA,NA
"Chris Hogan",376,0,95,1.2,108,0.6,97,0.6,NA,NA,NA,NA,NA,NA,NA,NA,NA,NA,NA,NA,NA,NA,NA,NA,NA,NA,NA,NA,88,1.3,82,1.6,89,1.4,96,NA,NA,NA,NA,NA,NA,NA,NA,NA,NA,NA,NA,NA,NA,114,NA
"Chris Lacy",220,0,207,0,NA,NA,NA,NA,NA,NA,NA,NA,NA,NA,NA,NA,NA,NA,NA,NA,NA,NA,NA,NA,201,0,218,0,52,4.8,230,0,94,1.2,NA,NA,NA,NA,NA,NA,NA,NA,NA,NA,NA,NA,NA,NA,NA,NA,NA
"Chris Moore",439,0,393,0,391,0,384,0,379,0,69,1.8,99,0.3,385,0,381,0,378,0,371,0,374,0,378,0,380,0,383,0,382,0,380,0,NA,NA,NA,NA,NA,NA,NA,NA,NA,NA,NA,NA,NA,NA,NA,NA,NA
"Chris Rowland",348,0,334,0,332,0,325,0,323,0,317,0,321,0,328,0,318,0,317,0,311,0,313,0,322,0,319,0,326,0,321,0,314,0,NA,NA,NA,NA,NA,NA,NA,NA,NA,NA,NA,NA,NA,NA,NA,NA,NA
"Chris Thompson",188,0,183,0,186,0,182,0,179,0,175,0,178,0,185,0,185,0,164,0,172,0,181,0,195,0,184,0,200,0,189,0,182,0,NA,NA,NA,NA,NA,NA,NA,NA,NA,NA,NA,NA,NA,NA,NA,NA,NA
"Christian Blake",234,0,223,0,224,0,212,0,170,0,113,0,106,0,150,0,168,0,72,1.5,94,0.3,79,1.6,44,5.7,203,0,205,0,208,0,175,0,NA,NA,NA,NA,NA,NA,NA,NA,NA,NA,NA,NA,NA,89,84,77,NA
"Christian Kirk",51,6.4,21,11.4,49,5.9,49,4.3,218,0,204,0,208,0,23,9.8,75,1.6,1,31.8,48,4.2,201,0,77,2.3,32,8.9,46,6.1,96,0.9,36,6.6,38,39,29,22,NA,NA,NA,51,30,17,31,NA,26,27,23,28,30
"Codey McElroy",118,0,118,0,123,0,111,0,113,0,111,0,102,0,119,0,119,0,105,0,101,0,169,0,204,0,200,0,219,0,178,0,111,0,NA,NA,NA,NA,NA,NA,NA,NA,NA,NA,NA,NA,NA,NA,NA,NA,NA
"Cody Core",434,0,75,2.8,388,0,381,0,375,0,381,0,376,0,383,0,378,0,384,0,379,0,375,0,379,0,376,0,380,0,378,0,376,0,NA,NA,NA,NA,NA,NA,NA,NA,NA,NA,NA,NA,NA,NA,NA,NA,NA
"Cody Hollister",211,0,196,0,197,0,196,0,191,0,185,0,193,0,198,0,169,0,177,0,181,0,199,0,87,1.3,212,0,137,0,221,0,192,0,NA,NA,NA,NA,NA,NA,NA,NA,NA,NA,NA,NA,NA,NA,NA,NA,NA
"Cody Latimer",47,7.4,73,3,400,0,394,0,390,0,391,0,66,3.3,66,2.8,36,6.8,390,0,389,0,90,0.7,60,4.3,390,0,78,2.1,20,10.4,96,1.2,100,79,NA,75,NA,NA,82,88,95,72,NA,NA,NA,NA,NA,NA,NA
"Cody Thompson",169,0,175,0,178,0,172,0,149,0,154,0,158,0,173,0,146,0,152,0,160,0,150,0,157,0,156,0,158,0,161,0,171,0,NA,NA,NA,NA,NA,NA,NA,NA,NA,NA,NA,NA,NA,NA,NA,NA,NA
"Cole Beasley",64,4,36,8.3,39,6.8,28,7.5,69,2.1,338,0,33,7.6,21,10.1,31,7.3,32,7.4,54,3.8,15,13.6,8,17,24,10.9,105,0.6,19,10.8,340,0,67,63,61,51,48,NA,46,54,49,45,48,54,50,47,48,55,NA
"Collin Johnson",163,0,159,0,161,0,156,0,165,0,148,0,149,0,157,0,106,0,98,0,141,0,102,0,113,0,112,0,121,0,113,0,154,0,NA,NA,NA,NA,NA,NA,NA,NA,NA,NA,NA,NA,NA,NA,NA,NA,NA
"Cooper Kupp",59,4.6,14,12.6,4,22.1,6,17.9,9,17.7,72,1.7,49,5,2,28,121,0,224,0,42,5.3,58,3.5,17,12.5,27,10.5,30,10.1,30,9.1,6,15.9,19,15,15,8,6,3,2,5,NA,5,8,12,8,8,14,25,19
"Cordarrelle Patterson",110,0.1,55,5,85,2,96,0.7,100,0.5,334,0,29,8.3,100,0.6,90,0.5,337,0,332,0,334,0,340,0,76,2.8,103,0.6,74,2.1,87,1.4,90,93,NA,NA,83,NA,NA,NA,NA,NA,NA,NA,NA,NA,NA,NA,NA
"Corey Coleman",415,0,381,0,377,0,370,0,382,0,380,0,374,0,377,0,372,0,382,0,377,0,380,0,387,0,383,0,378,0,385,0,383,0,NA,NA,NA,NA,NA,NA,NA,NA,NA,NA,NA,NA,NA,NA,NA,NA,NA
"Corey Davis",201,0,69,3.8,61,4.4,9,15.1,59,2.8,53,3.6,8,14,91,0.9,47,4.8,201,0,177,0,63,2.9,76,2.3,68,3.4,49,5.7,55,4,52,4.4,37,48,56,50,51,48,43,32,41,NA,NA,55,61,50,59,58,57
"Courtland Sutton",24,12,66,4,33,8.7,4,18.2,13,15.2,25,7.6,26,8.7,33,7.2,15,12.3,225,0,10,13.8,67,2.7,4,19.4,66,3.4,41,7.9,54,4.1,46,5.2,41,42,44,42,32,27,16,13,22,NA,18,20,21,17,20,11,5
"Curtis Samuel",72,3.2,30,9.3,26,11.3,57,3.3,49,4.4,4,19.8,187,0,53,4.6,14,13.4,21,9.5,68,2.5,43,4.9,18,12.5,53,4.2,22,11.4,75,2.1,91,1.3,33,33,36,29,30,30,NA,37,29,26,20,27,40,32,39,43,39
"Cyril Grayson",242,0,230,0,230,0,218,0,220,0,219,0,223,0,225,0,175,0,188,0,213,0,171,0,185,0,176,0,199,0,182,0,108,0.3,NA,NA,NA,NA,NA,NA,NA,NA,NA,NA,NA,NA,NA,NA,NA,NA,NA
"D.J. Chark",8,20.6,20,11.5,16,13.6,48,4.4,4,28.4,46,4.3,34,7.3,13,13.9,60,3.2,211,0,2,22.4,39,5.8,56,4.7,40,7.5,204,0,81,1.8,65,3.4,80,60,47,43,37,20,15,15,9,NA,15,10,7,20,NA,40,27
"D.J. Moore",55,5.6,32,8.9,20,12.4,47,4.4,22,9.1,22,8.6,209,0,63,3.8,22,10.1,15,12,19,9.5,3,25.4,14,13.2,37,8.1,17,12.3,111,0.1,215,0,25,18,28,25,31,26,NA,33,25,18,10,13,9,6,6,9,NA
"D.K. Metcalf",40,8.9,18,12.1,44,6.7,98,0.6,18,10.4,27,7.3,65,3.3,14,13.3,3,21,43,5,145,0,60,3.5,47,5.5,38,7.8,34,9.6,127,0,11,14.1,57,43,35,31,40,38,27,22,21,33,NA,23,22,26,25,20,22
"Da'Mari Scott",218,0,213,0,221,0,215,0,215,0,213,0,217,0,222,0,191,0,202,0,207,0,192,0,91,1.1,197,0,231,0,83,1.6,214,0,NA,NA,NA,NA,NA,NA,NA,NA,NA,NA,NA,NA,NA,NA,NA,NA,NA
"DaeSean Hamilton",108,0.5,89,1.5,216,0,34,5.7,202,0,62,2.5,97,0.4,206,0,217,0,194,0,192,0,216,0,89,1.2,60,3.6,89,1.3,12,12.5,37,6.5,63,71,84,82,76,76,75,58,65,NA,79,98,NA,NA,101,91,74
"Dalton Schoen",338,0,324,0,321,0,314,0,312,0,306,0,309,0,316,0,306,0,305,0,299,0,301,0,311,0,308,0,315,0,309,0,302,0,NA,NA,NA,NA,NA,NA,NA,NA,NA,NA,NA,NA,NA,NA,NA,NA,NA
"DaMarkus Lodge",167,0,152,0,128,0,149,0,136,0,144,0,148,0,162,0,152,0,140,0,135,0,108,0,122,0,123,0,132,0,122,0,148,0,NA,NA,NA,NA,NA,NA,NA,NA,NA,NA,NA,NA,NA,NA,NA,NA,NA
"Damiere Byrd",62,4.2,59,4.5,102,0.9,373,0,369,0,33,6,95,0.4,81,1.8,370,0,371,0,366,0,367,0,373,0,101,1,37,8.6,92,1.1,22,11.4,NA,NA,69,NA,NA,NA,67,75,96,NA,NA,NA,NA,NA,110,86,NA
"Damion Ratley",86,1.7,56,5,78,2.6,90,1,211,0,211,0,205,0,208,0,194,0,190,0,210,0,213,0,223,0,221,0,62,3.3,226,0,20,12.4,NA,NA,NA,NA,88,NA,NA,NA,NA,NA,NA,NA,NA,NA,NA,NA,NA
"Damion Willis",74,3,102,0.6,288,0,93,0.8,53,3.8,273,0,276,0,283,0,273,0,272,0,266,0,268,0,277,0,274,0,280,0,276,0,269,0,NA,NA,NA,NA,94,NA,NA,NA,NA,NA,NA,NA,NA,NA,NA,NA,NA
"Dan Chisena",352,0,338,0,329,0,322,0,320,0,314,0,329,0,336,0,326,0,325,0,319,0,321,0,328,0,325,0,332,0,329,0,322,0,NA,NA,NA,NA,NA,NA,NA,NA,NA,NA,NA,NA,NA,NA,NA,NA,NA
"Danny Amendola",16,16.4,361,0,69,3.7,353,0,347,0,89,0.6,19,10.5,25,9.5,63,2.9,56,2.9,46,4.7,71,2.1,67,3.2,64,3.4,29,10.2,73,2.1,40,6.4,74,56,68,NA,NA,69,74,62,48,54,59,60,69,64,52,53,48
"Dante Pettis",103,0.7,104,0.6,36,8,223,0,86,1.1,42,4.5,210,0,102,0.5,27,8.1,216,0,201,0,203,0,208,0,215,0,190,0,220,0,210,0,31,67,82,NA,60,64,36,65,60,64,NA,NA,NA,NA,NA,NA,NA
"Darius Jennings",410,0,97,1.1,374,0,100,0.6,364,0,363,0,365,0,375,0,366,0,367,0,361,0,363,0,369,0,365,0,368,0,368,0,364,0,NA,NA,NA,NA,NA,NA,NA,NA,NA,NA,NA,NA,NA,NA,NA,NA,NA
"Darius Slayton",135,0,138,0,35,8.2,82,1.3,16,12.2,58,3.2,72,2.8,5,17,88,0.6,2,24.1,118,0,36,6.7,59,4.4,2,27.4,35,9.1,169,0,47,5,NA,NA,NA,NA,85,55,42,56,47,41,NA,42,44,45,30,32,33
"Darnell Mooney",294,0,279,0,278,0,271,0,268,0,263,0,258,0,265,0,255,0,254,0,248,0,250,0,266,0,263,0,269,0,258,0,251,0,NA,NA,NA,NA,NA,NA,NA,NA,NA,NA,NA,NA,NA,NA,NA,NA,NA
"Darrell Stewart Jr.",278,0,263,0,262,0,255,0,252,0,247,0,251,0,258,0,248,0,247,0,241,0,243,0,251,0,248,0,254,0,251,0,244,0,NA,NA,NA,NA,NA,NA,NA,NA,NA,NA,NA,NA,NA,NA,NA,NA,NA
"Darrius Heyward-Bey",389,0,NA,NA,NA,NA,NA,NA,NA,NA,NA,NA,NA,NA,NA,NA,NA,NA,NA,NA,NA,NA,NA,NA,NA,NA,NA,NA,NA,NA,NA,NA,NA,NA,NA,NA,NA,NA,NA,NA,NA,NA,NA,NA,NA,NA,NA,NA,NA,NA,NA
"Darrius Shepherd",307,0,293,0,290,0,283,0,281,0,401,-1.9,278,0,286,0,276,0,275,0,222,0,224,0,232,0,276,0,282,0,231,0,272,0,NA,NA,NA,NA,NA,NA,111,NA,NA,NA,NA,NA,NA,NA,NA,NA,NA
"Darvin Kidsy",230,0,219,0,225,0,233,0,214,0,212,0,216,0,221,0,190,0,207,0,206,0,191,0,199,0,196,0,230,0,201,0,213,0,NA,NA,NA,NA,NA,NA,NA,NA,NA,NA,NA,NA,NA,NA,NA,NA,NA
"Daurice Fountain",223,0,212,0,214,0,204,0,201,0,208,0,201,0,209,0,202,0,192,0,198,0,214,0,225,0,223,0,222,0,228,0,201,0,NA,NA,NA,NA,NA,NA,NA,NA,NA,NA,NA,NA,NA,NA,NA,NA,NA
"Davante Adams",68,3.6,22,10.6,53,5.6,5,18,385,0,386,0,388,0,392,0,51,4.1,16,11.8,386,0,17,12.3,5,18.4,55,4.1,12,16.3,27,9.6,7,15.3,5,6,5,4,NA,NA,NA,NA,13,7,NA,7,3,1,5,5,4
"David Moore",186,0,181,0,76,2.9,91,0.9,34,7,52,3.6,82,1.4,69,2.5,72,1.8,185,0,165,0,59,3.5,16,12.5,90,1.5,233,0,77,2,70,3,NA,NA,NA,73,77,71,80,NA,63,79,NA,NA,NA,90,96,90,NA
"David Sills",174,0,172,0,175,0,170,0,147,0,160,0,165,0,171,0,143,0,158,0,148,0,147,0,155,0,154,0,170,0,152,0,168,0,NA,NA,NA,NA,NA,NA,NA,NA,NA,NA,NA,NA,NA,NA,NA,NA,NA
"Davion Davis",NA,NA,NA,NA,NA,NA,NA,NA,NA,NA,NA,NA,NA,NA,175,0,NA,NA,135,0,NA,NA,NA,NA,NA,NA,NA,NA,NA,NA,NA,NA,NA,NA,NA,NA,NA,NA,NA,NA,NA,NA,NA,NA,NA,NA,NA,NA,NA,NA,NA
"De'Anthony Thomas",448,0,101,0.6,398,0,392,0,388,0,94,0.4,391,0,394,0,391,0,389,0,384,0,387,0,389,0,389,0,389,0,388,0,110,0.1,NA,NA,NA,NA,NA,NA,NA,NA,NA,NA,NA,NA,NA,NA,NA,NA,NA
"De'Michael Harris",344,0,330,0,317,0,310,0,308,0,302,0,316,0,323,0,313,0,312,0,306,0,308,0,318,0,315,0,322,0,316,0,309,0,NA,NA,NA,NA,NA,NA,NA,NA,NA,NA,NA,NA,NA,NA,NA,NA,NA
"De'Mornay Pierson-El",120,0,124,0,116,0,116,0,120,0,104,0,109,0,112,0,112,0,109,0,103,0,116,0,112,0,127,0,182,0,130,0,121,0,NA,NA,NA,NA,NA,NA,NA,NA,NA,NA,NA,NA,NA,NA,NA,NA,NA
"DeAndre Carter",453,-0.1,385,0,383,0,371,0,401,-2,366,0,368,0,54,4.6,85,0.8,369,0,363,0,364,0,371,0,367,0,372,0,51,4.4,39,6.5,NA,NA,NA,NA,NA,NA,NA,NA,NA,NA,NA,NA,NA,NA,NA,NA,NA
"DeAndre Hopkins",5,23.1,65,4,43,6.7,59,3.1,24,8.8,26,7.5,4,16.6,18,10.9,18,11.4,339,0,25,8,4,21.4,26,10.6,6,19.2,21,11.9,71,2.3,335,0,1,2,1,3,1,2,3,1,1,NA,5,3,11,3,1,1,60
"DeAndrew White",422,0,379,0,380,0,368,0,365,0,364,0,366,0,94,0.8,367,0,366,0,360,0,362,0,368,0,364,0,369,0,89,1.2,68,3.1,NA,NA,NA,NA,NA,NA,NA,NA,NA,NA,NA,NA,NA,NA,NA,NA,NA
"Deante Burton",195,0,227,0,208,0,184,0,222,0,222,0,224,0,228,0,171,0,170,0,216,0,173,0,183,0,179,0,201,0,193,0,219,0,NA,NA,NA,NA,NA,NA,NA,NA,NA,NA,NA,NA,NA,NA,NA,NA,NA
"Dede Westbrook",38,9.2,109,0.3,56,5,32,6.6,27,8.2,37,5.3,14,11.7,188,0,199,0,162,0,60,3.2,34,6.9,13,14,80,2.5,76,2.1,105,0.5,8,15.2,27,37,52,49,50,35,31,34,NA,NA,36,38,36,42,32,48,50
"Deebo Samuel",87,1.7,10,15.3,60,4.4,148,0,103,0.3,67,1.9,152,0,20,10.8,52,4,18,11.2,13,13.4,18,11,20,12.1,25,10.9,59,3.7,14,11.9,2,19.5,64,64,48,NA,54,53,NA,NA,52,44,35,29,39,33,24,35,26
"Demarcus Robinson",436,0,1,29.2,27,10.3,54,3.5,56,3.1,373,0,67,3.1,99,0.6,93,0.5,39,5.6,368,0,371,0,381,0,96,1.2,77,2.1,88,1.3,28,8.4,NA,81,39,32,34,40,40,72,NA,68,62,NA,73,72,78,80,76
"Demario Ballard",355,0,340,0,340,0,332,0,330,0,324,0,332,0,338,0,328,0,327,0,322,0,323,0,329,0,327,0,334,0,330,0,324,0,NA,NA,NA,NA,NA,NA,NA,NA,NA,NA,NA,NA,NA,NA,NA,NA,NA
"Demaryius Thomas",NA,NA,408,-0.1,NA,NA,NA,NA,47,4.7,32,6.2,55,4.2,43,6.3,70,1.9,24,8.4,47,4.4,70,2.2,78,2.3,34,8.8,NA,NA,NA,NA,NA,NA,NA,NA,NA,NA,NA,63,55,55,44,46,47,43,58,57,NA,NA,NA
"Denzel Mims",321,0,307,0,304,0,297,0,295,0,289,0,292,0,299,0,289,0,288,0,282,0,284,0,284,0,290,0,288,0,292,0,285,0,NA,NA,NA,NA,NA,NA,NA,NA,NA,NA,NA,NA,NA,NA,NA,NA,NA
"Deon Cain",70,3.5,233,0,99,1,224,0,94,0.7,205,0,219,0,229,0,204,0,218,0,202,0,57,3.5,106,0.5,83,2.2,191,0,95,1,216,0,NA,87,83,65,73,NA,86,NA,NA,NA,NA,NA,NA,NA,NA,NA,NA
"Deontay Burnett",251,0,236,0,238,0,229,0,228,0,216,0,228,0,234,0,203,0,222,0,205,0,209,0,216,0,191,0,196,0,185,0,49,4.8,NA,NA,NA,NA,NA,NA,NA,NA,NA,NA,NA,NA,NA,NA,NA,NA,NA
"Deonte Harris",145,0,410,-0.7,64,4,88,1,105,0,133,0,136,0,82,1.7,139,0,132,0,129,0,140,0,151,0,84,2.1,112,0.1,149,0,92,1.3,NA,NA,NA,NA,NA,NA,NA,NA,NA,NA,NA,NA,NA,NA,NA,NA,NA
"Deonte Thompson",374,0,NA,NA,NA,NA,NA,NA,NA,NA,NA,NA,NA,NA,NA,NA,NA,NA,NA,NA,NA,NA,NA,NA,NA,NA,NA,NA,NA,NA,NA,NA,NA,NA,NA,NA,NA,NA,NA,NA,NA,NA,NA,NA,NA,NA,NA,NA,NA,NA,NA
"Derrick Dillon",298,0,283,0,316,0,309,0,307,0,301,0,326,0,333,0,323,0,322,0,316,0,318,0,307,0,304,0,311,0,326,0,319,0,NA,NA,NA,NA,NA,NA,NA,NA,NA,NA,NA,NA,NA,NA,NA,NA,NA
"Derrick Willies",219,0,NA,NA,NA,NA,NA,NA,NA,NA,NA,NA,NA,NA,NA,NA,NA,NA,NA,NA,NA,NA,NA,NA,NA,NA,NA,NA,NA,NA,NA,NA,NA,NA,NA,NA,NA,NA,NA,NA,NA,NA,NA,NA,NA,NA,NA,NA,NA,NA,NA
"DeSean Jackson",3,27.4,356,0,357,0,348,0,343,0,345,0,348,0,358,0,92,0.5,349,0,342,0,344,0,350,0,347,0,352,0,351,0,348,0,40,29,NA,NA,NA,NA,NA,NA,NA,NA,NA,NA,NA,NA,NA,NA,NA
"DeVante Parker",46,7.5,407,0,52,5.6,12,13,395,0,21,8.8,15,11.5,45,5.9,16,11.7,34,6.9,12,13.5,25,9.1,1,27.9,77,2.8,4,19.2,5,17.1,13,13.7,59,52,65,58,NA,52,50,45,37,31,38,25,20,11,26,6,18
"Devin Duvernay",328,0,314,0,311,0,304,0,302,0,296,0,299,0,306,0,296,0,295,0,289,0,291,0,300,0,298,0,304,0,299,0,292,0,NA,NA,NA,NA,NA,NA,NA,NA,NA,NA,NA,NA,NA,NA,NA,NA,NA
"Devin Funchess",71,3.2,406,0,402,0,400,0,394,0,396,0,394,0,398,0,393,0,396,0,393,0,396,0,396,0,394,0,395,0,396,0,392,0,62,NA,NA,NA,NA,NA,NA,NA,NA,NA,NA,NA,NA,NA,NA,NA,NA
"Devin Gray",233,0,222,0,223,0,175,0,117,0,110,0,104,0,109,0,195,0,108,0,105,0,196,0,206,0,198,0,210,0,207,0,118,0,NA,NA,NA,NA,NA,NA,NA,NA,NA,NA,NA,NA,NA,NA,NA,NA,NA
"Devin Ross",113,0,111,0,118,0,120,0,123,0,112,0,112,0,108,0,114,0,100,0,97,0,119,0,123,0,129,0,214,0,179,0,112,0,NA,NA,NA,NA,NA,NA,NA,NA,NA,NA,NA,NA,NA,NA,NA,NA,NA
"Devin Smith",450,0,13,13.4,65,3.9,397,0,393,0,394,0,393,0,397,0,392,0,392,0,391,0,393,0,394,0,392,0,392,0,393,0,390,0,NA,NA,58,59,84,NA,NA,NA,NA,NA,NA,NA,NA,NA,NA,NA,NA
"Dezmon Patmon",259,0,244,0,244,0,237,0,234,0,229,0,246,0,253,0,243,0,242,0,236,0,238,0,256,0,253,0,259,0,246,0,239,0,NA,NA,NA,NA,NA,NA,NA,NA,NA,NA,NA,NA,NA,NA,NA,NA,NA
"Dillon Mitchell",168,0,168,0,172,0,165,0,157,0,156,0,160,0,166,0,166,0,151,0,152,0,167,0,178,0,168,0,164,0,164,0,161,0,NA,NA,NA,NA,NA,NA,NA,NA,NA,NA,NA,NA,NA,NA,NA,NA,NA
"Diontae Johnson",79,2.5,87,1.7,23,11.8,15,11.7,61,2.7,79,1.4,161,0,12,14.4,91,0.5,36,6.4,79,1.7,64,2.9,68,3.1,4,19.6,57,4.2,9,14.1,44,5.4,104,99,78,57,46,47,NA,47,39,42,46,50,56,49,51,57,47
"Diontae Spencer",449,0,402,0,401,0,95,0.8,91,0.9,392,0,94,0.5,75,2.3,399,-2,393,0,390,0,391,0,393,0,391,0,390,0,392,0,397,-0.8,NA,NA,NA,NA,NA,NA,NA,NA,NA,NA,NA,NA,NA,NA,NA,NA,NA
"DJ Montgomery",257,0,242,0,242,0,235,0,232,0,276,0,280,0,287,0,277,0,276,0,270,0,272,0,280,0,229,0,284,0,280,0,273,0,NA,NA,NA,NA,NA,NA,NA,NA,NA,NA,NA,NA,NA,NA,NA,NA,NA
"Dominique Edison",394,0,367,0,363,0,359,0,355,0,352,0,355,0,365,0,357,0,357,0,350,0,351,0,357,0,354,0,359,0,358,0,354,0,NA,NA,NA,NA,NA,NA,NA,NA,NA,NA,NA,NA,NA,NA,NA,NA,NA
"Donovan Peoples-Jones",326,0,312,0,309,0,302,0,300,0,294,0,297,0,304,0,294,0,293,0,287,0,289,0,298,0,296,0,302,0,297,0,290,0,NA,NA,NA,NA,NA,NA,NA,NA,NA,NA,NA,NA,NA,NA,NA,NA,NA
"Donte Moncrief",105,0.7,399,0,NA,NA,391,0,NA,NA,83,1.1,NA,NA,391,0,NA,NA,NA,NA,385,0,388,0,390,0,NA,NA,NA,NA,NA,NA,NA,NA,48,50,NA,NA,NA,NA,NA,NA,NA,NA,NA,NA,NA,NA,NA,NA,NA
"Dontrelle Inman",107,0.5,76,2.8,82,2.3,27,7.6,397,0,397,0,395,0,400,0,395,0,398,0,394,0,398,0,397,0,395,0,69,2.5,80,1.8,105,0.6,NA,NA,96,56,NA,NA,NA,NA,NA,NA,NA,NA,NA,NA,124,120,NA
"Doug Baldwin",354,0,NA,NA,NA,NA,NA,NA,NA,NA,NA,NA,NA,NA,NA,NA,NA,NA,NA,NA,NA,NA,NA,NA,NA,NA,NA,NA,NA,NA,NA,NA,NA,NA,NA,NA,NA,NA,NA,NA,NA,NA,NA,NA,NA,NA,NA,NA,NA,NA,NA
"Duke Williams",430,0,292,0,339,0,189,0,23,8.9,183,0,78,2.3,98,0.6,134,0,114,0,178,0,135,0,146,0,142,0,150,0,144,0,24,10.8,NA,NA,NA,NA,NA,NA,52,71,NA,NA,NA,NA,NA,NA,NA,NA,NA
"Dwayne Harris",106,0.7,348,0,NA,NA,NA,NA,NA,NA,NA,NA,NA,NA,345,0,NA,NA,NA,NA,NA,NA,NA,NA,NA,NA,NA,NA,NA,NA,NA,NA,NA,NA,NA,NA,NA,NA,NA,NA,NA,NA,NA,NA,NA,NA,NA,NA,NA,NA,NA
"Dylan Cantrell",222,0,210,0,212,0,202,0,205,0,215,0,211,0,207,0,193,0,227,0,209,0,198,0,222,0,220,0,234,0,222,0,209,0,NA,NA,NA,NA,NA,NA,NA,NA,NA,NA,NA,NA,NA,NA,NA,NA,NA
"Earnest Edwards",340,0,326,0,323,0,316,0,314,0,308,0,311,0,318,0,308,0,307,0,301,0,303,0,313,0,310,0,317,0,311,0,304,0,NA,NA,NA,NA,NA,NA,NA,NA,NA,NA,NA,NA,NA,NA,NA,NA,NA
"Easop Winston Jr.",312,0,298,0,296,0,289,0,287,0,281,0,271,0,278,0,268,0,267,0,261,0,263,0,283,0,282,0,287,0,271,0,264,0,NA,NA,NA,NA,NA,NA,NA,NA,NA,NA,NA,NA,NA,NA,NA,NA,NA
"Eli Rogers",424,0,NA,NA,NA,NA,NA,NA,NA,NA,NA,NA,NA,NA,NA,NA,NA,NA,NA,NA,NA,NA,NA,NA,NA,NA,NA,NA,NA,NA,NA,NA,NA,NA,NA,NA,NA,NA,NA,NA,NA,NA,NA,NA,NA,NA,NA,NA,NA,NA,NA
"Emmanuel Butler",226,0,215,0,218,0,206,0,199,0,197,0,203,0,212,0,220,0,195,0,194,0,217,0,228,0,226,0,221,0,215,0,203,0,NA,NA,NA,NA,NA,NA,NA,NA,NA,NA,NA,NA,NA,NA,NA,NA,NA
"Emmanuel Sanders",19,14.6,5,17.8,97,1,17,10.4,90,0.9,354,0,43,6,27,8.5,8,17.2,63,2.4,57,3.3,80,1.5,62,4.1,3,27.1,97,0.9,42,6.1,74,2.5,43,44,31,38,29,36,32,43,33,15,26,33,47,40,19,33,21
"Equanimeous St. Brown",228,0,217,0,219,0,207,0,206,0,199,0,204,0,214,0,222,0,197,0,195,0,220,0,229,0,222,0,227,0,211,0,204,0,NA,NA,NA,NA,NA,NA,NA,NA,NA,NA,NA,NA,NA,NA,NA,NA,NA
"Eron Riley",358,0,343,0,342,0,336,0,331,0,325,0,331,0,339,0,327,0,326,0,321,0,322,0,333,0,326,0,333,0,331,0,325,0,NA,NA,NA,NA,NA,NA,NA,NA,NA,NA,NA,NA,NA,NA,NA,NA,NA
"Fred Brown",240,0,228,0,228,0,216,0,224,0,92,0.5,231,0,83,1.6,174,0,209,0,220,0,177,0,187,0,177,0,186,0,180,0,224,0,NA,NA,NA,NA,NA,NA,NA,NA,80,NA,NA,NA,NA,NA,NA,NA,NA
"Freddie Martino",452,0,NA,NA,NA,NA,NA,NA,NA,NA,NA,NA,NA,NA,NA,NA,NA,NA,NA,NA,NA,NA,NA,NA,NA,NA,NA,NA,NA,NA,NA,NA,NA,NA,NA,NA,NA,NA,NA,NA,NA,NA,NA,NA,NA,NA,NA,NA,NA,NA,NA
"Freddie Swain",261,0,246,0,246,0,239,0,236,0,231,0,234,0,241,0,231,0,230,0,224,0,226,0,235,0,232,0,238,0,234,0,227,0,NA,NA,NA,NA,NA,NA,NA,NA,NA,NA,NA,NA,NA,NA,NA,NA,NA
"Gabriel Davis",317,0,303,0,301,0,294,0,292,0,286,0,288,0,295,0,285,0,284,0,278,0,280,0,289,0,287,0,293,0,288,0,281,0,NA,NA,NA,NA,NA,NA,NA,NA,NA,NA,NA,NA,NA,NA,NA,NA,NA
"Gary Jennings Jr.",175,0,173,0,176,0,171,0,148,0,161,0,166,0,172,0,144,0,159,0,157,0,148,0,156,0,155,0,171,0,158,0,160,0,NA,NA,NA,NA,NA,NA,NA,NA,NA,NA,NA,NA,NA,NA,NA,NA,NA
"Gehrig Dieter",205,0,197,0,198,0,190,0,175,0,168,0,174,0,187,0,179,0,184,0,168,0,175,0,193,0,206,0,208,0,214,0,178,0,NA,NA,NA,NA,NA,NA,NA,NA,NA,NA,NA,NA,NA,NA,NA,NA,NA
"George Campbell",293,0,278,0,276,0,269,0,266,0,261,0,266,0,273,0,263,0,262,0,256,0,258,0,257,0,254,0,260,0,266,0,259,0,NA,NA,NA,NA,NA,NA,NA,NA,NA,NA,NA,NA,NA,NA,NA,NA,NA
"Geremy Davis",418,0,384,0,382,0,61,2.5,367,0,81,1.3,367,0,378,0,368,0,370,0,365,0,366,0,370,0,369,0,371,0,372,0,366,0,NA,NA,NA,NA,NA,NA,NA,NA,NA,NA,NA,NA,NA,NA,NA,NA,NA
"Geronimo Allison",443,0,47,6.5,403,-0.1,14,11.9,60,2.8,48,4,64,3.3,97,0.7,67,2.1,85,0.6,380,0,85,0.9,82,2,97,1.1,79,1.9,76,2,84,1.7,45,61,62,61,38,43,60,50,56,63,NA,70,76,74,81,85,NA
"Golden Tate",395,0,369,0,364,0,360,0,78,1.3,6,16.2,31,8,28,8.5,43,5.8,5,19.5,347,0,24,9.3,358,0,99,1.1,23,11.1,26,9.6,17,12.8,NA,NA,NA,NA,45,46,29,26,28,20,NA,30,NA,44,40,44,35
"Greg Dortch",NA,NA,NA,NA,NA,NA,NA,NA,NA,NA,NA,NA,NA,NA,NA,NA,149,0,NA,NA,NA,NA,NA,NA,NA,NA,400,-2,NA,NA,NA,NA,NA,NA,NA,NA,NA,NA,NA,NA,NA,NA,NA,NA,NA,NA,NA,NA,NA,NA,NA
"Greg Ward",239,0,229,0,229,0,217,0,219,0,221,0,222,0,226,0,176,0,210,0,215,0,51,4,103,0.5,65,3.4,19,12.1,35,7.6,53,4.3,NA,NA,NA,NA,NA,NA,NA,NA,NA,NA,NA,110,NA,92,47,47,31
"Gunner Olszewski",299,0,284,0,404,-2,280,0,277,0,55,3.4,274,0,281,0,271,0,270,0,264,0,266,0,275,0,272,0,278,0,274,0,267,0,NA,NA,NA,NA,NA,NA,NA,NA,NA,NA,NA,NA,NA,NA,NA,NA,NA
"Hakeem Butler",156,0,113,0,153,0,113,0,151,0,152,0,154,0,161,0,99,0,97,0,144,0,100,0,118,0,115,0,133,0,117,0,157,0,NA,NA,NA,NA,NA,NA,NA,NA,NA,NA,NA,NA,NA,NA,NA,NA,NA
"Henry Ruggs III",301,0,286,0,283,0,276,0,273,0,268,0,282,0,289,0,279,0,278,0,272,0,274,0,276,0,278,0,279,0,282,0,275,0,NA,NA,NA,NA,NA,NA,NA,NA,NA,NA,NA,NA,NA,NA,NA,NA,NA
"Hunter Renfrow",92,1.3,74,3,77,2.8,73,1.8,83,1.2,143,0,83,1.4,11,14.8,17,11.4,48,4.2,34,6.6,62,3.1,120,0,121,0,117,0,6,16.7,5,16.2,85,83,76,70,70,NA,69,NA,59,49,49,49,NA,NA,NA,NA,51
"Isaac Whitney",192,0,186,0,188,0,183,0,176,0,173,0,175,0,183,0,182,0,161,0,171,0,183,0,192,0,190,0,113,0,195,0,180,0,NA,NA,NA,NA,NA,NA,NA,NA,NA,NA,NA,NA,NA,NA,NA,NA,NA
"Isaiah Coulter",295,0,280,0,279,0,272,0,269,0,264,0,267,0,274,0,264,0,263,0,257,0,259,0,268,0,265,0,271,0,267,0,260,0,NA,NA,NA,NA,NA,NA,NA,NA,NA,NA,NA,NA,NA,NA,NA,NA,NA
"Isaiah Ford",198,0,191,0,193,0,92,0.9,181,0,195,0,188,0,190,0,120,0,221,0,191,0,104,0,133,0,29,9.2,75,2.1,39,6.8,38,6.5,NA,NA,NA,NA,NA,NA,NA,NA,NA,NA,NA,NA,NA,NA,72,88,NA
"Isaiah Hodgins",318,0,304,0,294,0,287,0,285,0,279,0,290,0,297,0,287,0,286,0,280,0,282,0,291,0,289,0,295,0,290,0,283,0,NA,NA,NA,NA,NA,NA,NA,NA,NA,NA,NA,NA,NA,NA,NA,NA,NA
"Isaiah McKenzie",206,0,26,10.4,88,1.9,191,0,43,5.2,169,0,86,1.1,194,0,82,1.2,69,1.9,61,3.1,87,0.8,64,3.4,81,2.5,206,0,94,1.1,63,3.7,NA,NA,NA,NA,NA,NA,NA,NA,NA,NA,NA,75,81,78,NA,NA,NA
"Isaiah Wright",277,0,262,0,261,0,254,0,251,0,246,0,250,0,257,0,247,0,246,0,240,0,242,0,250,0,247,0,253,0,250,0,243,0,NA,NA,NA,NA,NA,NA,NA,NA,NA,NA,NA,NA,NA,NA,NA,NA,NA
"Isaiah Zuber",292,0,277,0,275,0,268,0,265,0,260,0,265,0,272,0,262,0,261,0,255,0,257,0,265,0,262,0,268,0,265,0,258,0,NA,NA,NA,NA,NA,NA,NA,NA,NA,NA,NA,NA,NA,NA,NA,NA,NA
"Ishmael Hyman",138,0,149,0,152,0,138,0,145,0,126,0,128,0,135,0,159,0,145,0,121,0,160,0,171,0,163,0,109,0.3,60,3.1,133,0,NA,NA,NA,NA,NA,NA,NA,NA,NA,NA,NA,NA,NA,NA,NA,NA,NA
"J.J. Arcega-Whiteside",166,0,108,0.4,98,1,124,0,159,0,151,0,153,0,160,0,103,0,94,0,63,2.9,48,4.3,36,7.5,72,2.9,124,0,57,3.9,156,0,88,96,57,78,NA,NA,NA,NA,NA,NA,NA,73,NA,79,67,74,67
"J.J. Jones",238,0,NA,NA,NA,NA,NA,NA,NA,NA,NA,NA,NA,NA,NA,NA,NA,NA,NA,NA,NA,NA,NA,NA,NA,NA,NA,NA,NA,NA,NA,NA,NA,NA,NA,NA,NA,NA,NA,NA,NA,NA,NA,NA,NA,NA,NA,NA,NA,NA,NA
"J.J. Koski",339,0,325,0,322,0,315,0,313,0,307,0,310,0,317,0,307,0,306,0,300,0,302,0,312,0,309,0,316,0,310,0,303,0,NA,NA,NA,NA,NA,NA,NA,NA,NA,NA,NA,NA,NA,NA,NA,NA,NA
"J.J. Nelson",419,0,NA,NA,29,9.6,NA,NA,NA,NA,NA,NA,NA,NA,NA,NA,NA,NA,NA,NA,NA,NA,NA,NA,NA,NA,NA,NA,NA,NA,NA,NA,NA,NA,NA,NA,NA,NA,NA,NA,NA,NA,NA,NA,NA,NA,NA,NA,NA,NA,NA
"J'Mon Moore",245,0,220,0,227,0,210,0,209,0,201,0,206,0,216,0,225,0,212,0,197,0,212,0,209,0,209,0,197,0,210,0,206,0,NA,NA,NA,NA,NA,NA,NA,NA,NA,NA,NA,NA,NA,NA,NA,NA,NA
"Ja'Marcus Bradley",260,0,245,0,245,0,238,0,235,0,230,0,256,0,263,0,253,0,252,0,246,0,248,0,234,0,231,0,237,0,256,0,249,0,NA,NA,NA,NA,NA,NA,NA,NA,NA,NA,NA,NA,NA,NA,NA,NA,NA
"Jake Kumerow",421,0,96,1.2,384,0,372,0,89,0.9,71,1.7,16,11.4,52,4.8,369,0,64,2.3,364,0,365,0,372,0,368,0,50,4.9,371,0,102,0.7,94,102,NA,NA,NA,77,72,81,82,NA,NA,NA,NA,NA,NA,NA,NA
"Jakeem Grant",454,-2.3,86,1.8,71,3.1,105,0.4,376,0,372,0,377,0,65,3.2,58,3.3,73,1.5,8,15.9,370,0,380,0,377,0,381,0,379,0,377,0,NA,101,NA,79,NA,NA,NA,NA,NA,67,73,72,NA,NA,NA,NA,NA
"Jakobi Meyers",82,2.2,170,0,67,3.8,167,0,97,0.6,36,5.4,52,4.7,103,0.5,160,0,155,0,89,0.7,29,7.4,57,4.6,62,3.5,167,0,66,2.5,165,0,NA,NA,NA,NA,NA,66,47,69,77,NA,NA,81,84,65,69,87,72
"Jaleel Scott",250,0,235,0,236,0,227,0,227,0,207,0,226,0,232,0,207,0,220,0,211,0,207,0,215,0,217,0,193,0,188,0,104,0.6,NA,NA,NA,NA,NA,NA,NA,NA,NA,NA,NA,NA,NA,NA,NA,NA,NA
"Jalen Guyton",128,0,140,0,145,0,140,0,115,0,128,0,130,0,138,0,133,0,126,0,123,0,134,0,147,0,143,0,151,0,143,0,137,0,NA,NA,NA,NA,NA,NA,NA,NA,NA,NA,NA,NA,NA,NA,NA,NA,NA
"Jalen Hurd",161,0,157,0,159,0,154,0,168,0,146,0,143,0,155,0,104,0,93,0,139,0,106,0,115,0,116,0,118,0,123,0,152,0,NA,NA,NA,NA,NA,NA,NA,NA,NA,NA,NA,NA,NA,NA,NA,NA,NA
"Jalen McCleskey",349,0,335,0,333,0,326,0,324,0,318,0,322,0,329,0,319,0,318,0,312,0,314,0,323,0,320,0,327,0,322,0,315,0,NA,NA,NA,NA,NA,NA,NA,NA,NA,NA,NA,NA,NA,NA,NA,NA,NA
"Jalen Reagor",309,0,295,0,287,0,281,0,278,0,272,0,304,0,311,0,301,0,300,0,294,0,296,0,294,0,279,0,298,0,304,0,297,0,NA,NA,NA,NA,NA,NA,NA,NA,NA,NA,NA,NA,NA,NA,NA,NA,NA
"James Jones",379,0,NA,NA,NA,NA,NA,NA,NA,NA,NA,NA,NA,NA,NA,NA,NA,NA,NA,NA,NA,NA,NA,NA,NA,NA,NA,NA,NA,NA,NA,NA,NA,NA,NA,NA,NA,NA,NA,NA,NA,NA,NA,NA,NA,NA,NA,NA,NA,NA,NA
"James Proche",320,0,306,0,303,0,296,0,294,0,288,0,291,0,298,0,288,0,287,0,281,0,283,0,292,0,281,0,296,0,291,0,284,0,NA,NA,NA,NA,NA,NA,NA,NA,NA,NA,NA,NA,NA,NA,NA,NA,NA
"James Washington",57,5.1,81,2.3,93,1.4,231,0,42,5.2,224,0,229,0,78,2.1,33,6.9,12,13,45,4.9,10,15.8,7,17.1,69,3.3,38,8.3,52,4.1,223,0,54,55,53,55,64,NA,NA,78,66,57,52,35,46,30,45,46,41
"Jamison Crowder",29,10.3,64,4,79,2.5,395,0,88,1,18,9.8,73,2.6,71,2.4,10,14.3,9,14.1,11,13.6,77,1.8,98,0.8,74,2.9,3,21,43,6,19,12.6,50,36,50,NA,53,44,35,41,35,34,33,21,28,28,43,39,34
"Janarion Grant",124,0,NA,NA,NA,NA,NA,NA,NA,NA,NA,NA,NA,NA,NA,NA,NA,NA,NA,NA,NA,NA,NA,NA,NA,NA,NA,NA,NA,NA,NA,NA,NA,NA,NA,NA,NA,NA,NA,NA,NA,NA,NA,NA,NA,NA,NA,NA,NA,NA,NA
"Jarius Wright",91,1.4,90,1.5,66,3.8,33,5.9,96,0.6,90,0.6,NA,NA,89,1.2,397,-0.7,66,2.1,75,1.9,95,0.4,65,3.4,70,3,99,0.9,78,1.9,100,1,NA,NA,NA,89,82,79,NA,99,87,84,82,89,92,83,89,94,NA
"Jaron Brown",371,0,352,0,72,3,38,5,76,1.6,8,14.9,44,6,349,0,340,0,NA,NA,NA,NA,NA,NA,101,0.6,337,0,95,0.9,342,0,337,0,NA,94,98,88,80,75,63,66,61,NA,NA,NA,NA,NA,NA,NA,NA
"Jarvis Landry",45,7.7,72,3.2,47,6.2,7,16.7,30,7.5,54,3.6,385,0,39,6.5,20,11.1,7,15.7,16,10.3,2,26.8,35,7.6,39,7.6,73,2.3,36,7.4,10,14.2,32,34,41,45,33,31,NA,40,31,37,28,18,17,15,11,26,17
"Jason Moore",179,0,141,0,146,0,141,0,114,0,45,4.3,131,0,139,0,135,0,127,0,124,0,136,0,145,0,144,0,152,0,145,0,138,0,NA,NA,NA,NA,NA,NA,NA,NA,NA,NA,NA,NA,NA,NA,NA,NA,NA
"Jauan Jennings",279,0,264,0,263,0,256,0,253,0,248,0,252,0,259,0,249,0,248,0,242,0,244,0,252,0,249,0,255,0,252,0,245,0,NA,NA,NA,NA,NA,NA,NA,NA,NA,NA,NA,NA,NA,NA,NA,NA,NA
"Javon Wims",227,0,216,0,103,0.8,35,5.6,204,0,198,0,37,6.6,213,0,221,0,196,0,85,1.1,219,0,45,5.6,227,0,225,0,65,2.6,76,2.3,NA,NA,NA,NA,72,NA,NA,NA,NA,NA,NA,NA,NA,NA,NA,NA,NA
"Jaydon Mickens",NA,NA,NA,NA,NA,NA,NA,NA,NA,NA,NA,NA,NA,NA,NA,NA,NA,NA,NA,NA,NA,NA,NA,NA,NA,NA,NA,NA,NA,NA,NA,NA,373,0,NA,NA,NA,NA,NA,NA,NA,NA,NA,NA,NA,NA,NA,NA,NA,NA,NA
"Jaylon Moore",290,0,275,0,273,0,266,0,263,0,258,0,263,0,270,0,260,0,259,0,253,0,255,0,263,0,260,0,266,0,263,0,256,0,NA,NA,NA,NA,NA,NA,NA,NA,NA,NA,NA,NA,NA,NA,NA,NA,NA
"Jeff Cotton",337,0,323,0,320,0,313,0,311,0,305,0,308,0,315,0,305,0,304,0,298,0,300,0,310,0,307,0,314,0,308,0,301,0,NA,NA,NA,NA,NA,NA,NA,NA,NA,NA,NA,NA,NA,NA,NA,NA,NA
"Jeff Smith",150,0,129,0,132,0,127,0,152,0,118,0,118,0,125,0,127,0,112,0,112,0,129,0,141,0,139,0,91,1.2,139,0,123,0,NA,NA,NA,NA,NA,NA,NA,NA,NA,NA,NA,NA,NA,NA,NA,NA,NA
"Jeff Thomas",314,0,300,0,298,0,291,0,289,0,283,0,285,0,292,0,282,0,281,0,275,0,277,0,286,0,284,0,290,0,285,0,278,0,NA,NA,NA,NA,NA,NA,NA,NA,NA,NA,NA,NA,NA,NA,NA,NA,NA
"Jehu Chesson",210,0,205,0,206,0,199,0,195,0,186,0,197,0,203,0,226,0,181,0,186,0,190,0,200,0,193,0,131,0,129,0,196,0,NA,NA,NA,NA,NA,NA,NA,NA,NA,NA,NA,NA,NA,NA,NA,NA,NA
"Jeremy Kerley",362,0,NA,NA,NA,NA,NA,NA,NA,NA,NA,NA,NA,NA,NA,NA,NA,NA,NA,NA,NA,NA,NA,NA,NA,NA,NA,NA,NA,NA,NA,NA,NA,NA,NA,NA,NA,NA,NA,NA,NA,NA,NA,NA,NA,NA,NA,NA,NA,NA,NA
"Jeremy Ross",360,0,NA,NA,NA,NA,NA,NA,NA,NA,NA,NA,NA,NA,NA,NA,NA,NA,NA,NA,NA,NA,NA,NA,NA,NA,NA,NA,NA,NA,NA,NA,NA,NA,NA,NA,NA,NA,NA,NA,NA,NA,NA,NA,NA,NA,NA,NA,NA,NA,NA
"Jeremy Williams",377,0,345,0,350,0,344,0,350,0,347,0,342,0,352,0,351,0,352,0,344,0,346,0,339,0,349,0,346,0,340,0,341,0,NA,NA,NA,NA,NA,NA,NA,NA,NA,NA,NA,NA,NA,NA,NA,NA,NA
"Jerry Jeudy",303,0,288,0,285,0,278,0,275,0,270,0,281,0,288,0,278,0,277,0,271,0,273,0,273,0,270,0,276,0,281,0,274,0,NA,NA,NA,NA,NA,NA,NA,NA,NA,NA,NA,NA,NA,NA,NA,NA,NA
"Jester Weah",248,0,232,0,233,0,221,0,212,0,203,0,207,0,223,0,210,0,214,0,200,0,200,0,210,0,207,0,188,0,217,0,207,0,NA,NA,NA,NA,NA,NA,NA,NA,NA,NA,NA,NA,NA,NA,NA,NA,NA
"Joe Fortson",151,0,131,0,143,0,136,0,126,0,132,0,135,0,146,0,124,0,113,0,128,0,126,0,138,0,136,0,146,0,136,0,144,0,NA,NA,NA,NA,NA,NA,NA,NA,NA,NA,NA,NA,NA,NA,NA,NA,NA
"Joe Reed",315,0,301,0,299,0,292,0,290,0,284,0,286,0,293,0,283,0,282,0,276,0,278,0,287,0,285,0,291,0,286,0,279,0,NA,NA,NA,NA,NA,NA,NA,NA,NA,NA,NA,NA,NA,NA,NA,NA,NA
"Joe Webb",396,0,NA,NA,NA,NA,NA,NA,NA,NA,NA,NA,NA,NA,NA,NA,NA,NA,NA,NA,NA,NA,NA,NA,NA,NA,NA,NA,NA,NA,NA,NA,NA,NA,NA,NA,NA,NA,NA,NA,NA,NA,NA,NA,NA,NA,NA,NA,NA,NA,NA
"John Brown",10,18.3,43,7.2,54,5.5,31,6.9,29,7.5,390,0,6,14.3,48,5.4,30,7.6,30,7.7,1,25.7,20,9.9,34,7.7,78,2.6,32,9.9,16,11.6,389,0,44,28,24,39,35,NA,21,19,14,14,12,16,16,22,28,34,NA
"John Hightower",324,0,310,0,307,0,300,0,298,0,292,0,295,0,302,0,292,0,291,0,285,0,287,0,296,0,294,0,300,0,295,0,288,0,NA,NA,NA,NA,NA,NA,NA,NA,NA,NA,NA,NA,NA,NA,NA,NA,NA
"John Hurst",332,0,318,0,336,0,329,0,327,0,321,0,325,0,332,0,322,0,321,0,315,0,317,0,326,0,323,0,330,0,325,0,318,0,NA,NA,NA,NA,NA,NA,NA,NA,NA,NA,NA,NA,NA,NA,NA,NA,NA
"John Ross",2,27.8,7,17.2,113,0.2,51,3.6,185,0,182,0,186,0,193,0,98,0,205,0,176,0,112,0,119,0,75,2.8,72,2.4,31,9,55,4,72,38,40,40,NA,NA,NA,NA,NA,NA,NA,NA,NA,62,63,59,37
"John Standeford",383,0,355,0,353,0,347,0,342,0,341,0,344,0,354,0,345,0,345,0,338,0,340,0,346,0,343,0,348,0,347,0,344,0,NA,NA,NA,NA,NA,NA,NA,NA,NA,NA,NA,NA,NA,NA,NA,NA,NA
"John Ursua",133,0,135,0,138,0,133,0,129,0,123,0,124,0,131,0,142,0,122,0,117,0,156,0,167,0,164,0,176,0,167,0,98,1.1,NA,NA,NA,NA,NA,NA,NA,NA,NA,NA,NA,NA,NA,NA,NA,NA,NA
"Johnathon Johnson",268,0,253,0,243,0,236,0,233,0,228,0,242,0,249,0,239,0,238,0,232,0,234,0,243,0,240,0,246,0,242,0,235,0,NA,NA,NA,NA,NA,NA,NA,NA,NA,NA,NA,NA,NA,NA,NA,NA,NA
"Johnnie Dixon",180,0,160,0,164,0,123,0,133,0,165,0,169,0,177,0,150,0,138,0,158,0,153,0,162,0,149,0,126,0,120,0,170,0,NA,NA,NA,NA,NA,NA,NA,NA,NA,NA,NA,NA,NA,NA,NA,NA,NA
"Johnny Holton",441,0,397,0,100,0.9,388,0,101,0.4,384,0,NA,NA,390,0,388,0,386,0,76,1.8,382,0,388,0,385,0,397,-0.1,387,0,386,0,NA,NA,NA,NA,NA,NA,NA,NA,NA,NA,NA,NA,NA,NA,NA,NA,NA
"JoJo Natson",185,0,179,0,183,0,177,0,172,0,178,0,176,0,179,0,177,0,167,0,174,0,180,0,189,0,186,0,194,0,192,0,184,0,NA,NA,NA,NA,NA,NA,NA,NA,NA,NA,NA,NA,NA,NA,NA,NA,NA
"JoJo Ward",346,0,332,0,330,0,323,0,321,0,315,0,318,0,325,0,315,0,314,0,308,0,310,0,320,0,317,0,324,0,318,0,311,0,NA,NA,NA,NA,NA,NA,NA,NA,NA,NA,NA,NA,NA,NA,NA,NA,NA
"Jon'Vea Johnson",177,0,176,0,179,0,173,0,150,0,163,0,167,0,174,0,147,0,142,0,161,0,143,0,158,0,157,0,143,0,162,0,172,0,NA,NA,NA,NA,NA,NA,NA,NA,NA,NA,NA,NA,NA,NA,NA,NA,NA
"Jordan Matthews",NA,NA,NA,NA,NA,NA,NA,NA,NA,NA,NA,NA,387,0,NA,NA,NA,NA,NA,NA,91,0.6,66,2.7,NA,NA,NA,NA,NA,NA,NA,NA,NA,NA,NA,NA,NA,NA,NA,NA,NA,NA,NA,NA,89,56,NA,NA,NA,NA,NA
"Jordan Veasy",116,0,114,0,120,0,110,0,125,0,98,0,115,0,114,0,116,0,102,0,95,0,121,0,179,0,175,0,216,0,202,0,114,0,NA,NA,NA,NA,NA,NA,NA,NA,NA,NA,NA,NA,NA,NA,NA,NA,NA
"Jordy Nelson",382,0,NA,NA,NA,NA,NA,NA,NA,NA,NA,NA,NA,NA,NA,NA,NA,NA,NA,NA,NA,NA,NA,NA,NA,NA,NA,NA,NA,NA,NA,NA,NA,NA,NA,NA,NA,NA,NA,NA,NA,NA,NA,NA,NA,NA,NA,NA,NA,NA,NA
"Josh Bellamy",89,1.5,105,0.5,349,0,343,0,340,0,337,0,341,0,351,0,342,0,342,0,335,0,337,0,343,0,340,0,345,0,344,0,339,0,NA,NA,NA,NA,NA,NA,NA,NA,NA,NA,NA,NA,NA,NA,NA,NA,NA
"Josh Doctson",414,0,380,0,376,0,375,0,381,0,379,0,381,0,379,0,375,0,381,0,376,0,379,0,386,0,382,0,385,0,384,0,382,0,NA,NA,NA,NA,NA,NA,NA,NA,NA,NA,NA,NA,NA,NA,NA,NA,NA
"Josh Gordon",20,13.3,84,1.9,34,8.4,46,4.6,35,5.9,87,0.7,NA,NA,NA,NA,NA,NA,59,2.7,NA,NA,83,1,94,1,67,3.4,51,4.8,NA,NA,NA,NA,28,27,21,24,14,18,NA,NA,NA,55,NA,46,60,69,76,NA,NA
"Josh Hammond",343,0,329,0,326,0,319,0,317,0,311,0,314,0,321,0,311,0,310,0,304,0,306,0,316,0,313,0,320,0,314,0,307,0,NA,NA,NA,NA,NA,NA,NA,NA,NA,NA,NA,NA,NA,NA,NA,NA,NA
"Josh Malone",204,0,200,0,201,0,194,0,189,0,172,0,191,0,197,0,181,0,175,0,175,0,206,0,219,0,211,0,140,0,224,0,190,0,NA,NA,NA,NA,NA,NA,NA,NA,NA,NA,NA,NA,NA,NA,NA,NA,NA
"Josh Pearson",351,0,337,0,335,0,328,0,326,0,320,0,324,0,331,0,321,0,320,0,314,0,316,0,325,0,322,0,329,0,324,0,317,0,NA,NA,NA,NA,NA,NA,NA,NA,NA,NA,NA,NA,NA,NA,NA,NA,NA
"Josh Reynolds",196,0,189,0,191,0,66,2.2,80,1.2,193,0,200,0,15,13.2,189,0,44,4.9,44,5,88,0.8,63,3.9,73,2.9,61,3.6,58,3.2,199,0,95,95,97,NA,97,NA,NA,NA,NA,39,44,68,NA,NA,88,95,NA
"Juaquin Iglesias",381,0,354,0,352,0,346,0,341,0,340,0,343,0,353,0,344,0,344,0,337,0,339,0,345,0,342,0,347,0,346,0,343,0,NA,NA,NA,NA,NA,NA,NA,NA,NA,NA,NA,NA,NA,NA,NA,NA,NA
"JuJu Smith-Schuster",44,7.8,35,8.4,15,14.1,76,1.5,17,11.5,88,0.7,183,0,7,16.3,76,1.6,47,4.4,73,2.1,99,0,117,0,159,0,180,0,72,2.2,106,0.6,7,5,11,10,21,28,NA,16,16,24,25,NA,NA,NA,NA,51,43
"Julian Edelman",26,10.4,52,5.2,21,12.2,60,3,11,17,14,11.3,36,6.7,4,19.5,35,6.9,343,0,17,9.9,23,9.3,10,15.9,11,16.3,96,0.9,28,9.2,72,2.6,15,14,17,20,17,13,10,11,8,NA,9,9,6,7,7,18,8
"Julio Jones",39,9.1,2,22.6,8,18.8,36,5.3,52,4.2,16,10.8,23,9.3,9,15.2,336,0,27,7.9,23,8.7,35,6.8,337,0,45,6.6,2,25.4,7,16.6,30,7.8,6,1,2,1,2,1,1,10,NA,6,4,1,NA,9,8,3,1
"Justice Shelton-Mosley",334,0,320,0,337,0,330,0,328,0,322,0,328,0,335,0,325,0,324,0,318,0,320,0,319,0,316,0,323,0,328,0,321,0,NA,NA,NA,NA,NA,NA,NA,NA,NA,NA,NA,NA,NA,NA,NA,NA,NA
"Justin Hardee",183,0,177,0,181,0,176,0,180,0,176,0,179,0,182,0,186,0,165,0,173,0,178,0,188,0,185,0,185,0,190,0,183,0,NA,NA,NA,NA,NA,NA,NA,NA,NA,NA,NA,NA,NA,NA,NA,NA,NA
"Justin Hardy",63,4.1,405,0,107,0.6,398,0,98,0.5,395,0,81,1.9,74,2.3,NA,NA,394,0,81,1.4,394,0,72,2.8,87,1.9,393,0,394,0,56,4,NA,NA,NA,NA,NA,NA,NA,NA,NA,NA,NA,NA,NA,NA,NA,NA,NA
"Justin Hunter",368,0,NA,NA,NA,NA,NA,NA,NA,NA,NA,NA,NA,NA,NA,NA,NA,NA,NA,NA,NA,NA,NA,NA,NA,NA,NA,NA,NA,NA,NA,NA,NA,NA,NA,NA,NA,NA,NA,NA,NA,NA,NA,NA,NA,NA,NA,NA,NA,NA,NA
"Justin Jefferson",319,0,305,0,314,0,307,0,305,0,299,0,302,0,309,0,299,0,298,0,292,0,294,0,303,0,301,0,307,0,302,0,295,0,NA,NA,NA,NA,NA,NA,NA,NA,NA,NA,NA,NA,NA,NA,NA,NA,NA
"Justin Watson",221,0,209,0,211,0,83,1.3,216,0,214,0,218,0,218,0,192,0,189,0,221,0,223,0,202,0,20,11.9,84,1.7,22,10.3,71,2.7,NA,NA,NA,NA,NA,NA,NA,NA,NA,NA,NA,NA,NA,NA,62,41,28
"Juwan Green",350,0,336,0,334,0,327,0,325,0,319,0,323,0,330,0,320,0,319,0,313,0,315,0,324,0,321,0,328,0,323,0,316,0,NA,NA,NA,NA,NA,NA,NA,NA,NA,NA,NA,NA,NA,NA,NA,NA,NA
"Juwan Johnson",297,0,282,0,265,0,258,0,255,0,250,0,254,0,261,0,251,0,250,0,244,0,246,0,254,0,251,0,257,0,254,0,247,0,NA,NA,NA,NA,NA,NA,NA,NA,NA,NA,NA,NA,NA,NA,NA,NA,NA
"Juwann Winfree",137,0,139,0,142,0,147,0,132,0,125,0,127,0,134,0,158,0,143,0,120,0,159,0,170,0,167,0,179,0,171,0,132,0,NA,NA,NA,NA,NA,NA,NA,NA,NA,NA,NA,NA,NA,NA,NA,NA,NA
"K.J. Hill",323,0,309,0,306,0,299,0,297,0,291,0,293,0,300,0,290,0,289,0,283,0,285,0,295,0,293,0,299,0,293,0,286,0,NA,NA,NA,NA,NA,NA,NA,NA,NA,NA,NA,NA,NA,NA,NA,NA,NA
"K.J. Osborn",263,0,248,0,248,0,241,0,238,0,233,0,236,0,243,0,233,0,232,0,226,0,228,0,237,0,234,0,240,0,236,0,229,0,NA,NA,NA,NA,NA,NA,NA,NA,NA,NA,NA,NA,NA,NA,NA,NA,NA
"Kabion Ento",149,0,143,0,151,0,137,0,108,0,136,0,139,0,145,0,123,0,123,0,132,0,125,0,137,0,135,0,145,0,135,0,143,0,NA,NA,NA,NA,NA,NA,NA,NA,NA,NA,NA,NA,NA,NA,NA,NA,NA
"Kaelin Clay",420,0,NA,NA,NA,NA,NA,NA,NA,NA,NA,NA,NA,NA,NA,NA,NA,NA,NA,NA,NA,NA,NA,NA,NA,NA,NA,NA,NA,NA,NA,NA,NA,NA,NA,NA,NA,NA,NA,NA,NA,NA,NA,NA,NA,NA,NA,NA,NA,NA,NA
"Kalif Raymond",353,0,339,0,338,0,331,0,329,0,323,0,330,0,337,0,71,1.9,41,5.2,320,0,84,0.9,29,10,98,1.1,111,0.2,91,1.2,323,0,NA,NA,NA,NA,NA,NA,NA,NA,NA,NA,NA,NA,NA,NA,NA,NA,NA
"Kalija Lipscomb",316,0,302,0,300,0,293,0,291,0,285,0,287,0,294,0,284,0,283,0,277,0,279,0,288,0,286,0,292,0,287,0,280,0,NA,NA,NA,NA,NA,NA,NA,NA,NA,NA,NA,NA,NA,NA,NA,NA,NA
"Kamar Aiken",359,0,NA,NA,NA,NA,NA,NA,NA,NA,NA,NA,NA,NA,NA,NA,NA,NA,NA,NA,NA,NA,NA,NA,NA,NA,NA,NA,NA,NA,NA,NA,NA,NA,NA,NA,NA,NA,NA,NA,NA,NA,NA,NA,NA,NA,NA,NA,NA,NA,NA
"Keelan Cole",184,0,178,0,182,0,71,1.9,177,0,177,0,40,6.2,31,7.2,28,8,166,0,49,4.1,76,1.8,93,1.1,93,1.2,42,7.6,62,2.9,18,12.7,93,NA,NA,NA,NA,NA,NA,NA,78,NA,NA,NA,NA,95,66,78,NA
"Keelan Doss",176,0,174,0,177,0,78,1.4,84,1.1,162,0,47,5.4,164,0,145,0,160,0,159,0,149,0,92,1.1,79,2.6,82,1.7,160,0,169,0,NA,NA,NA,NA,NA,NA,NA,86,NA,NA,NA,NA,NA,NA,85,101,NA
"Keenan Allen",11,18.3,28,9.8,2,30.6,40,4.8,73,1.8,56,3.3,42,6.1,50,5.3,53,4,23,8.6,14,13.1,333,0,15,12.8,35,8.3,31,9.9,40,6.6,9,14.2,9,7,3,2,3,4,7,36,12,11,11,NA,19,13,13,8,13
"Keenan Reynolds",433,0,NA,NA,NA,NA,NA,NA,NA,NA,NA,NA,NA,NA,NA,NA,NA,NA,NA,NA,NA,NA,NA,NA,NA,NA,NA,NA,NA,NA,NA,NA,NA,NA,NA,NA,NA,NA,NA,NA,NA,NA,NA,NA,NA,NA,NA,NA,NA,NA,NA
"KeeSean Johnson",58,4.6,53,5.1,94,1.3,69,1.9,65,2.5,80,1.4,90,0.6,167,0,24,8.2,144,0,397,-0.6,168,0,172,0,161,0,165,0,159,0,162,0,89,75,70,66,55,51,51,NA,NA,71,78,NA,NA,NA,NA,NA,NA
"Keith Kirkwood",232,0,206,0,209,0,152,0,116,0,109,0,101,0,116,0,188,0,107,0,106,0,195,0,180,0,202,0,217,0,206,0,117,0,NA,NA,NA,NA,NA,NA,NA,NA,NA,NA,NA,NA,NA,NA,NA,NA,NA
"Keke Coutee",224,0,100,0.7,215,0,67,2.1,33,7.2,50,3.9,24,8.9,210,0,215,0,193,0,69,2.5,215,0,226,0,50,4.8,223,0,229,0,103,0.7,NA,78,72,77,61,58,61,49,75,NA,NA,NA,NA,NA,NA,NA,NA
"Kelvin Benjamin",445,0,NA,NA,NA,NA,NA,NA,NA,NA,NA,NA,NA,NA,NA,NA,NA,NA,NA,NA,NA,NA,NA,NA,NA,NA,NA,NA,NA,NA,NA,NA,NA,NA,NA,NA,NA,NA,NA,NA,NA,NA,NA,NA,NA,NA,NA,NA,NA,NA,NA
"Kelvin Harmon",73,3.1,115,0,129,0,80,1.4,102,0.4,85,0.8,155,0,88,1.2,87,0.6,88,0,43,5.3,50,4.3,52,5.1,71,3,74,2.2,41,6.2,67,3.3,NA,NA,NA,NA,NA,NA,NA,NA,NA,NA,91,80,74,63,65,73,54
"Kendall Hinton",286,0,271,0,269,0,262,0,259,0,254,0,259,0,266,0,256,0,255,0,249,0,251,0,259,0,256,0,262,0,259,0,252,0,NA,NA,NA,NA,NA,NA,NA,NA,NA,NA,NA,NA,NA,NA,NA,NA,NA
"Kendrick Bourne",98,0.9,107,0.4,84,2.2,219,0,66,2.4,82,1.1,35,6.9,87,1.2,37,6.7,14,12.2,22,9.1,68,2.7,61,4.2,15,13.8,92,1.1,61,2.9,217,0,NA,NA,NA,NA,NA,NA,NA,NA,NA,86,65,64,82,67,61,71,64
"Kenny Golladay",31,10.2,6,17.7,89,1.7,3,18.7,197,0,11,12.1,80,2.1,3,22.3,5,19.2,17,11.7,56,3.4,37,6.1,2,21.8,21,11.8,55,4.4,11,12.6,33,7.2,16,23,13,14,NA,15,14,6,6,19,16,17,29,21,9,21,10
"Kenny McKinley",380,0,357,0,359,0,349,0,349,0,339,0,350,0,360,0,343,0,351,0,336,0,338,0,344,0,341,0,354,0,345,0,342,0,NA,NA,NA,NA,NA,NA,NA,NA,NA,NA,NA,NA,NA,NA,NA,NA,NA
"Kenny Stills",36,9.7,68,3.8,32,8.9,62,2.4,338,0,335,0,20,10.5,76,2.2,45,5.2,338,0,65,2.7,93,0.6,19,12.1,104,0.8,13,15.5,44,5.7,334,0,61,65,64,48,NA,NA,65,21,27,NA,39,40,65,43,55,52,NA
"Keon Hatcher",214,0,NA,NA,NA,NA,NA,NA,NA,NA,NA,NA,NA,NA,NA,NA,NA,NA,NA,NA,NA,NA,NA,NA,NA,NA,NA,NA,NA,NA,NA,NA,NA,NA,NA,NA,NA,NA,NA,NA,NA,NA,NA,NA,NA,NA,NA,NA,NA,NA,NA
"Khadarel Hodge",122,0,123,0,125,0,119,0,107,0,99,0,105,0,110,0,83,1,89,0,50,4.1,124,0,136,0,132,0,142,0,99,0.6,82,1.9,NA,NA,NA,NA,NA,NA,NA,NA,NA,NA,NA,NA,NA,NA,NA,NA,NA
"Kirk Merritt",296,0,281,0,280,0,273,0,270,0,265,0,268,0,275,0,265,0,264,0,258,0,260,0,269,0,266,0,272,0,268,0,261,0,NA,NA,NA,NA,NA,NA,NA,NA,NA,NA,NA,NA,NA,NA,NA,NA,NA
"KJ Hamler",329,0,315,0,312,0,305,0,303,0,297,0,300,0,307,0,297,0,296,0,290,0,292,0,301,0,299,0,305,0,300,0,293,0,NA,NA,NA,NA,NA,NA,NA,NA,NA,NA,NA,NA,NA,NA,NA,NA,NA
"Krishawn Hogan",NA,NA,NA,NA,NA,NA,NA,NA,NA,NA,NA,NA,NA,NA,200,0,NA,NA,172,0,183,0,218,0,214,0,205,0,125,0,106,0.4,NA,NA,NA,NA,NA,NA,NA,NA,NA,NA,NA,NA,NA,NA,NA,NA,NA,NA,NA
"Kristian Wilkerson",287,0,272,0,270,0,263,0,260,0,255,0,260,0,267,0,257,0,256,0,250,0,252,0,260,0,257,0,263,0,260,0,253,0,NA,NA,NA,NA,NA,NA,NA,NA,NA,NA,NA,NA,NA,NA,NA,NA,NA
"Kyle Williams",288,0,273,0,271,0,264,0,261,0,256,0,261,0,268,0,258,0,257,0,251,0,253,0,261,0,258,0,264,0,261,0,254,0,NA,NA,NA,NA,NA,NA,NA,NA,NA,NA,NA,NA,NA,NA,NA,NA,NA
"Lance Lenoir Jr.",241,0,NA,NA,NA,NA,NA,NA,NA,NA,NA,NA,NA,NA,NA,NA,NA,NA,NA,NA,NA,NA,NA,NA,NA,NA,NA,NA,NA,NA,NA,NA,NA,NA,NA,NA,NA,NA,NA,NA,NA,NA,NA,NA,NA,NA,NA,NA,NA,NA,NA
"Lance Long",399,0,374,0,370,0,364,0,360,0,355,0,361,0,371,0,350,0,362,0,352,0,353,0,360,0,356,0,364,0,360,0,356,0,NA,NA,NA,NA,NA,NA,NA,NA,NA,NA,NA,NA,NA,NA,NA,NA,NA
"Laquon Treadwell",416,0,382,0,378,0,374,0,374,0,78,1.5,371,0,107,0.1,42,5.8,78,1,378,0,381,0,22,11.8,54,4.2,374,0,377,0,384,0,NA,NA,NA,NA,NA,NA,NA,NA,NA,77,85,NA,NA,91,108,NA,NA
"Larry Fitzgerald",12,17.3,25,10.4,28,9.6,43,4.7,36,5.8,29,6.9,84,1.2,95,0.8,55,3.8,33,7.1,26,7.7,357,0,46,5.6,85,2,56,4.2,18,10.8,51,4.5,39,32,20,18,16,16,18,27,38,38,43,NA,52,48,50,54,40
"Laviska Shenault Jr.",305,0,290,0,293,0,286,0,284,0,278,0,303,0,310,0,300,0,299,0,293,0,295,0,304,0,291,0,308,0,303,0,296,0,NA,NA,NA,NA,NA,NA,NA,NA,NA,NA,NA,NA,NA,NA,NA,NA,NA
"Lawrence Cager",267,0,252,0,252,0,245,0,242,0,237,0,240,0,247,0,237,0,236,0,230,0,232,0,241,0,238,0,244,0,240,0,233,0,NA,NA,NA,NA,NA,NA,NA,NA,NA,NA,NA,NA,NA,NA,NA,NA,NA
"Leonte Carroo",440,0,NA,NA,NA,NA,NA,NA,NA,NA,NA,NA,NA,NA,NA,NA,NA,NA,NA,NA,NA,NA,NA,NA,NA,NA,NA,NA,NA,NA,NA,NA,NA,NA,NA,NA,NA,NA,NA,NA,NA,NA,NA,NA,NA,NA,NA,NA,NA,NA,NA
"Lil'Jordan Humphrey",171,0,162,0,174,0,168,0,137,0,158,0,163,0,169,0,154,0,156,0,155,0,144,0,153,0,152,0,168,0,155,0,166,0,NA,NA,NA,NA,NA,NA,NA,NA,NA,NA,NA,NA,NA,NA,NA,NA,NA
"Lynn Bowden Jr.",280,0,265,0,264,0,257,0,254,0,249,0,253,0,260,0,250,0,249,0,243,0,245,0,253,0,250,0,256,0,253,0,246,0,NA,NA,NA,NA,NA,NA,NA,NA,NA,NA,NA,NA,NA,NA,NA,NA,NA
"Mack Hollins",203,0,54,5,46,6.2,85,1.3,196,0,190,0,198,0,204,0,224,0,182,0,188,0,189,0,198,0,192,0,129,0,134,0,197,0,NA,NA,71,68,NA,73,83,NA,NA,NA,80,77,NA,NA,NA,NA,NA
"Malcolm Perry",269,0,254,0,266,0,259,0,256,0,251,0,270,0,277,0,267,0,266,0,260,0,262,0,267,0,264,0,270,0,270,0,263,0,NA,NA,NA,NA,NA,NA,NA,NA,NA,NA,NA,NA,NA,NA,NA,NA,NA
"Malik Henry",127,0,145,0,148,0,144,0,104,0,131,0,134,0,142,0,138,0,131,0,127,0,139,0,150,0,147,0,155,0,148,0,141,0,NA,NA,NA,NA,NA,NA,NA,NA,NA,NA,NA,NA,NA,NA,NA,NA,NA
"Malik Taylor",148,0,147,0,150,0,146,0,109,0,135,0,138,0,144,0,131,0,128,0,131,0,132,0,143,0,134,0,144,0,141,0,142,0,NA,NA,NA,NA,NA,NA,NA,NA,NA,NA,NA,NA,NA,NA,NA,NA,NA
"Malik Turner",123,0,51,5.4,86,1.9,122,0,158,0,100,0,76,2.4,79,2.1,110,0,51,3.5,NA,NA,22,9.3,135,0,100,1,67,2.6,69,2.3,NA,NA,NA,NA,NA,NA,NA,NA,NA,NA,NA,NA,NA,NA,NA,NA,NA,100,NA
"Manasseh Bailey",283,0,268,0,315,0,308,0,306,0,300,0,306,0,313,0,303,0,302,0,296,0,298,0,272,0,268,0,275,0,306,0,299,0,NA,NA,NA,NA,NA,NA,NA,NA,NA,NA,NA,NA,NA,NA,NA,NA,NA
"Marcell Ateman",244,0,237,0,239,0,230,0,229,0,209,0,60,3.6,235,0,57,3.4,223,0,212,0,210,0,217,0,182,0,189,0,186,0,73,2.6,NA,NA,NA,NA,NA,NA,NA,NA,NA,NA,NA,NA,NA,NA,NA,NA,NA
"Marcus Johnson",444,0,396,0,394,0,387,0,383,0,382,0,382,0,389,0,387,0,81,0.9,18,9.8,384,0,48,5.5,10,16.5,60,3.7,109,0.2,69,3.1,NA,NA,NA,NA,NA,NA,NA,NA,NA,NA,76,86,85,68,56,70,65
"Marcus Kemp",193,0,NA,NA,NA,NA,NA,NA,NA,NA,NA,NA,NA,NA,NA,NA,NA,NA,NA,NA,NA,NA,NA,NA,NA,NA,NA,NA,NA,NA,NA,NA,NA,NA,NA,NA,NA,NA,NA,NA,NA,NA,NA,NA,NA,NA,NA,NA,NA,NA,NA
"Marko Mitchell",403,0,373,0,368,0,363,0,359,0,358,0,360,0,370,0,359,0,361,0,355,0,356,0,363,0,359,0,363,0,363,0,359,0,NA,NA,NA,NA,NA,NA,NA,NA,NA,NA,NA,NA,NA,NA,NA,NA,NA
"Markus Wheaton",369,0,NA,NA,NA,NA,NA,NA,NA,NA,NA,NA,NA,NA,NA,NA,NA,NA,NA,NA,NA,NA,NA,NA,NA,NA,NA,NA,NA,NA,NA,NA,NA,NA,NA,NA,NA,NA,NA,NA,NA,NA,NA,NA,NA,NA,NA,NA,NA,NA,NA
"Marqise Lee",447,0,400,0,397,0,104,0.5,99,0.5,97,0.1,389,0,93,0.8,390,0,388,0,388,0,389,0,391,0,388,0,387,0,389,0,387,0,86,NA,NA,96,NA,NA,NA,NA,NA,NA,NA,NA,NA,NA,NA,NA,NA
"Marquez Callaway",311,0,297,0,295,0,288,0,286,0,280,0,257,0,264,0,254,0,253,0,247,0,249,0,271,0,280,0,274,0,257,0,250,0,NA,NA,NA,NA,NA,NA,NA,NA,NA,NA,NA,NA,NA,NA,NA,NA,NA
"Marquez Valdes-Scantling",56,5.2,85,1.9,12,15.9,42,4.7,74,1.8,35,5.7,3,19.3,104,0.4,201,0,191,0,208,0,89,0.7,224,0,219,0,226,0,102,0.6,81,1.9,47,45,45,34,26,34,38,35,46,50,NA,69,78,81,93,NA,NA
"Marquise Brown",4,26.7,34,8.6,57,4.9,65,2.2,26,8.2,139,0,156,0,149,0,48,4.8,10,14,72,2.3,7,16.2,108,0.1,399,-0.2,28,10.5,101,0.6,86,1.5,76,46,27,16,22,NA,NA,NA,40,28,21,31,37,41,35,37,NA
"Marquise Goodwin",104,0.7,11,13.7,62,4.1,341,0,37,5.6,76,1.5,339,0,348,0,338,0,340,0,93,0.5,335,0,341,0,338,0,343,0,341,0,336,0,51,59,51,NA,58,49,44,NA,NA,NA,NA,NA,NA,NA,NA,NA,NA
"Martavis Bryant",446,0,NA,NA,NA,NA,NA,NA,NA,NA,NA,NA,NA,NA,NA,NA,NA,NA,NA,NA,NA,NA,NA,NA,NA,NA,NA,NA,NA,NA,NA,NA,NA,NA,NA,NA,NA,NA,NA,NA,NA,NA,NA,NA,NA,NA,NA,NA,NA,NA,NA
"Marvelle Ross",333,0,319,0,327,0,320,0,318,0,312,0,315,0,322,0,312,0,311,0,305,0,307,0,317,0,314,0,321,0,315,0,308,0,NA,NA,NA,NA,NA,NA,NA,NA,NA,NA,NA,NA,NA,NA,NA,NA,NA
"Marvin Hall",429,0,389,0,387,0,44,4.7,373,0,34,5.8,51,4.7,19,10.9,86,0.7,375,0,52,3.9,72,2.1,376,0,373,0,377,0,376,0,374,0,NA,NA,NA,NA,NA,NA,NA,NA,NA,NA,NA,NA,NA,NA,NA,NA,NA
"Marvin Jones",53,6,60,4.3,11,16.1,25,7.7,332,0,73,1.7,1,33.3,77,2.2,7,18.6,29,7.7,7,15.9,45,4.6,30,10,58,3.8,335,0,332,0,326,0,26,41,37,28,NA,33,30,17,18,30,34,26,38,NA,NA,NA,NA
"Mason Kinsey",266,0,251,0,251,0,244,0,241,0,236,0,239,0,246,0,236,0,235,0,229,0,231,0,240,0,237,0,243,0,239,0,232,0,NA,NA,NA,NA,NA,NA,NA,NA,NA,NA,NA,NA,NA,NA,NA,NA,NA
"Matt Cole",345,0,331,0,328,0,321,0,319,0,313,0,317,0,324,0,314,0,313,0,307,0,309,0,308,0,305,0,312,0,317,0,310,0,NA,NA,NA,NA,NA,NA,NA,NA,NA,NA,NA,NA,NA,NA,NA,NA,NA
"Matt Slater",402,0,372,0,367,0,362,0,358,0,357,0,359,0,369,0,361,0,360,0,354,0,355,0,362,0,358,0,362,0,362,0,358,0,NA,NA,NA,NA,NA,NA,NA,NA,NA,NA,NA,NA,NA,NA,NA,NA,NA
"Maurice Ffrench",336,0,322,0,319,0,312,0,310,0,304,0,327,0,334,0,324,0,323,0,317,0,319,0,309,0,306,0,313,0,327,0,320,0,NA,NA,NA,NA,NA,NA,NA,NA,NA,NA,NA,NA,NA,NA,NA,NA,NA
"Maurice Purify",401,0,371,0,366,0,361,0,357,0,356,0,358,0,368,0,360,0,359,0,353,0,354,0,361,0,357,0,361,0,361,0,357,0,NA,NA,NA,NA,NA,NA,NA,NA,NA,NA,NA,NA,NA,NA,NA,NA,NA
"Max McCaffrey",425,0,NA,NA,NA,NA,NA,NA,NA,NA,NA,NA,NA,NA,NA,NA,NA,NA,NA,NA,NA,NA,NA,NA,NA,NA,NA,NA,NA,NA,NA,NA,NA,NA,NA,NA,NA,NA,NA,NA,NA,NA,NA,NA,NA,NA,NA,NA,NA,NA,NA
"Mecole Hardman",172,0,17,12.1,10,16.4,402,-1.1,32,7.3,43,4.5,25,8.8,17,11.5,398,-1.3,13,12.3,83,1.3,145,0,95,0.9,26,10.8,94,1,156,0,27,9,77,49,38,30,36,42,41,60,58,62,56,NA,63,61,70,72,69
"Michael Calvin",372,0,353,0,348,0,342,0,339,0,336,0,340,0,350,0,341,0,341,0,334,0,336,0,342,0,339,0,344,0,343,0,338,0,NA,NA,NA,NA,NA,NA,NA,NA,NA,NA,NA,NA,NA,NA,NA,NA,NA
"Michael Crabtree",400,0,94,1.3,101,0.9,NA,NA,NA,NA,NA,NA,NA,NA,NA,NA,NA,NA,NA,NA,NA,NA,NA,NA,NA,NA,NA,NA,NA,NA,NA,NA,NA,NA,NA,111,89,NA,NA,NA,NA,NA,NA,NA,NA,NA,NA,NA,NA,NA,NA
"Michael Gallup",17,15.8,46,6.8,237,0,228,0,10,17.3,38,4.8,63,3.4,233,0,23,9.3,11,13.6,9,14.8,40,5.5,41,6.3,23,10.9,104,0.6,25,9.8,1,27.8,46,31,NA,NA,52,24,12,NA,19,21,14,24,24,25,22,27,16
"Michael Pittman Jr.",327,0,313,0,310,0,303,0,301,0,295,0,298,0,305,0,295,0,294,0,288,0,290,0,299,0,297,0,303,0,298,0,291,0,NA,NA,NA,NA,NA,NA,NA,NA,NA,NA,NA,NA,NA,NA,NA,NA,NA
"Michael Thomas",23,12.3,33,8.9,24,11.4,21,9.5,2,30.2,20,8.9,12,13.1,8,16.3,385,0,8,15.2,6,17.4,8,16.1,55,4.8,5,19.4,6,18.8,2,19.6,62,3.7,2,3,10,11,5,5,5,4,NA,3,2,2,2,2,2,2,2
"Michael Walker",142,0,126,0,134,0,129,0,164,0,120,0,120,0,127,0,129,0,118,0,114,0,401,-2,102,0.6,102,0.9,157,0,399,-2,125,0,NA,NA,NA,NA,NA,NA,NA,NA,NA,NA,NA,NA,NA,NA,NA,NA,NA
"Mike Evans",78,2.8,50,6.1,1,37,10,14.9,386,0,13,11.6,383,0,1,31.8,2,24,26,8.2,33,6.9,42,5,49,5.3,19,12.1,388,0,390,0,388,0,4,10,9,12,9,12,NA,9,5,4,3,4,4,NA,NA,NA,NA
"Mike Furrey",404,0,375,0,369,0,366,0,361,0,359,0,362,0,372,0,362,0,363,0,356,0,358,0,364,0,360,0,365,0,364,0,360,0,NA,NA,NA,NA,NA,NA,NA,NA,NA,NA,NA,NA,NA,NA,NA,NA,NA
"Mike Thomas",442,0,394,0,392,0,377,0,372,0,370,0,373,0,388,0,374,0,374,0,87,0.9,369,0,377,0,372,0,107,0.5,375,0,372,0,NA,NA,NA,NA,NA,NA,NA,NA,NA,NA,NA,NA,NA,NA,NA,NA,NA
"Mike Wallace",409,0,NA,NA,NA,NA,NA,NA,NA,NA,NA,NA,NA,NA,NA,NA,NA,NA,NA,NA,NA,NA,NA,NA,NA,NA,NA,NA,NA,NA,NA,NA,NA,NA,NA,NA,NA,NA,NA,NA,NA,NA,NA,NA,NA,NA,NA,NA,NA,NA,NA
"Mike Williams",75,2.9,37,8.3,59,4.5,188,0,31,7.4,28,7.2,53,4.7,35,6.9,19,11.3,40,5.5,28,7.6,111,0,23,11.7,18,12.3,14,13.1,48,5.1,60,3.8,24,54,30,NA,43,32,26,25,23,16,30,NA,42,34,31,24,24
"Miles Boykin",50,6.5,98,1.1,167,0,22,9.2,143,0,61,2.8,46,5.5,137,0,161,0,147,0,133,0,41,5.4,173,0,170,0,45,6.5,97,0.8,135,0,70,85,74,NA,75,65,66,NA,76,75,74,91,96,NA,NA,97,NA
"Mohamed Sanu",54,5.7,88,1.6,37,7.7,23,9.1,19,10.3,60,2.9,98,0.3,72,2.3,11,14.1,331,0,84,1.2,326,0,86,1.4,92,1.3,87,1.3,67,2.4,64,3.5,53,51,59,52,47,39,39,59,50,NA,27,NA,62,59,68,69,58
"Mose Frazier",426,0,NA,NA,NA,NA,NA,NA,NA,NA,NA,NA,NA,NA,NA,NA,NA,NA,NA,NA,NA,NA,NA,NA,NA,NA,NA,NA,NA,NA,NA,NA,NA,NA,NA,NA,NA,NA,NA,NA,NA,NA,NA,NA,NA,NA,NA,NA,NA,NA,NA
"N'Keal Harry",119,0,117,0,127,0,114,0,153,0,114,0,142,0,123,0,95,0,95,0,77,1.8,32,7,130,0,95,1.2,33,9.7,56,3.9,59,3.8,NA,NA,NA,NA,NA,NA,NA,NA,NA,NA,NA,59,70,88,95,68,56
"Nate Hughes",408,0,377,0,373,0,367,0,363,0,362,0,364,0,374,0,365,0,365,0,359,0,361,0,367,0,363,0,367,0,367,0,363,0,NA,NA,NA,NA,NA,NA,NA,NA,NA,NA,NA,NA,NA,NA,NA,NA,NA
"Nelson Agholor",95,1.1,8,16.7,13,15,399,0,71,2,47,4.2,77,2.4,85,1.4,68,2.1,395,0,51,4,395,0,42,6.1,393,0,394,0,395,0,391,0,75,84,34,44,49,57,49,70,62,NA,54,NA,71,NA,NA,NA,NA
"Nick Easley",132,0,134,0,137,0,132,0,131,0,122,0,123,0,130,0,132,0,121,0,116,0,155,0,166,0,162,0,175,0,166,0,129,0,NA,NA,NA,NA,NA,NA,NA,NA,NA,NA,NA,NA,NA,NA,NA,NA,NA
"Nick Westbrook",281,0,266,0,277,0,270,0,267,0,262,0,269,0,276,0,266,0,265,0,259,0,261,0,270,0,267,0,273,0,269,0,262,0,NA,NA,NA,NA,NA,NA,NA,NA,NA,NA,NA,NA,NA,NA,NA,NA,NA
"Noah Brown",202,0,194,0,195,0,200,0,198,0,192,0,199,0,205,0,219,0,204,0,189,0,188,0,197,0,131,0,127,0,133,0,198,0,NA,NA,NA,NA,NA,NA,NA,NA,NA,NA,NA,NA,NA,NA,NA,NA,NA
"Nsimba Webster",146,0,142,0,144,0,142,0,119,0,129,0,132,0,140,0,136,0,129,0,125,0,137,0,148,0,145,0,153,0,146,0,139,0,NA,NA,NA,NA,NA,NA,NA,NA,NA,NA,NA,NA,NA,NA,NA,NA,NA
"Odell Beckham",48,7.1,3,22.1,51,5.6,68,2,58,3,17,10.1,386,0,51,5.2,25,8.2,38,5.7,36,6,12,14.4,70,2.9,57,3.9,44,6.6,21,10.4,12,14.1,NA,NA,NA,NA,NA,NA,NA,NA,NA,NA,NA,NA,NA,NA,NA,NA,NA
"Olabisi Johnson",129,0,137,0,140,0,53,3.5,51,4.3,74,1.6,22,10,67,2.7,39,6.4,61,2.5,55,3.5,157,0,107,0.1,43,6.9,70,2.5,98,0.6,66,3.4,NA,NA,NA,NA,NA,NA,88,48,70,53,58,NA,86,71,90,92,NA
"Olamide Zaccheaus",147,0,146,0,149,0,145,0,110,0,134,0,137,0,143,0,140,0,133,0,130,0,133,0,144,0,13,15.3,147,0,142,0,77,2.2,NA,NA,NA,NA,NA,NA,NA,NA,NA,NA,NA,NA,NA,NA,91,NA,NA
"Omar Bayless",272,0,257,0,256,0,249,0,246,0,241,0,233,0,240,0,230,0,229,0,223,0,225,0,245,0,242,0,248,0,233,0,226,0,NA,NA,NA,NA,NA,NA,NA,NA,NA,NA,NA,NA,NA,NA,NA,NA,NA
"Onrea Jones",378,0,351,0,351,0,345,0,353,0,350,0,353,0,363,0,355,0,355,0,348,0,349,0,352,0,352,0,357,0,353,0,352,0,NA,NA,NA,NA,NA,NA,NA,NA,NA,NA,NA,NA,NA,NA,NA,NA,NA
"Parris Campbell",102,0.8,44,7.2,80,2.4,103,0.5,135,0,166,0,170,0,178,0,29,8,139,0,146,0,142,0,163,0,94,1.2,130,0,121,0,158,0,79,82,80,60,NA,NA,NA,NA,74,NA,NA,NA,NA,NA,NA,NA,NA
"Patrick Edwards",357,0,342,0,341,0,334,0,333,0,327,0,334,0,341,0,330,0,329,0,324,0,325,0,331,0,329,0,337,0,334,0,328,0,NA,NA,NA,NA,NA,NA,NA,NA,NA,NA,NA,NA,NA,NA,NA,NA,NA
"Patrick Williams",393,0,366,0,362,0,358,0,354,0,351,0,354,0,364,0,356,0,356,0,349,0,350,0,356,0,353,0,358,0,357,0,353,0,NA,NA,NA,NA,NA,NA,NA,NA,NA,NA,NA,NA,NA,NA,NA,NA,NA
"Paul Richardson",69,3.6,40,7.6,14,14.3,81,1.4,77,1.4,387,0,384,0,64,3.4,50,4.2,NA,NA,NA,NA,92,0.6,NA,NA,NA,NA,NA,NA,NA,NA,NA,NA,NA,NA,NA,NA,NA,NA,NA,NA,NA,NA,NA,NA,NA,NA,NA,NA,NA
"Penny Hart",143,0,130,0,133,0,128,0,166,0,119,0,119,0,126,0,128,0,117,0,113,0,130,0,142,0,140,0,156,0,140,0,124,0,NA,NA,NA,NA,NA,NA,NA,NA,NA,NA,NA,NA,NA,NA,NA,NA,NA
"Pharoh Cooper",413,0,386,0,375,0,378,0,55,3.3,68,1.8,71,2.9,381,0,77,1.5,55,2.9,20,9.5,378,0,74,2.6,111,0.5,81,1.7,86,1.4,75,2.4,NA,NA,NA,NA,NA,NA,NA,NA,NA,NA,95,NA,109,86,92,NA,NA
"Phillip Dorsett",6,21.5,67,3.9,18,12.5,70,1.9,391,0,385,0,18,10.6,56,4.3,80,1.3,372,0,21,9.3,392,0,83,1.5,386,0,391,0,391,0,48,5,78,80,54,46,39,NA,37,42,42,NA,42,NA,55,58,71,83,NA
"Pierre Garcon",407,0,NA,NA,NA,NA,NA,NA,NA,NA,NA,NA,NA,NA,NA,NA,NA,NA,NA,NA,NA,NA,NA,NA,NA,NA,NA,NA,NA,NA,NA,NA,NA,NA,NA,NA,NA,NA,NA,NA,NA,NA,NA,NA,NA,NA,NA,NA,NA,NA,NA
"Preston Williams",43,8.4,48,6.3,40,6.8,45,4.6,141,0,59,3.1,41,6.2,60,4.2,6,19.2,153,0,153,0,161,0,159,0,160,0,166,0,153,0,163,0,98,70,63,47,NA,41,48,44,NA,NA,NA,NA,NA,NA,NA,NA,NA
"Quartney Davis",282,0,267,0,281,0,274,0,271,0,266,0,255,0,262,0,252,0,251,0,245,0,247,0,255,0,252,0,258,0,255,0,248,0,NA,NA,NA,NA,NA,NA,NA,NA,NA,NA,NA,NA,NA,NA,NA,NA,NA
"Quez Watkins",262,0,247,0,247,0,240,0,237,0,232,0,235,0,242,0,232,0,231,0,225,0,227,0,236,0,233,0,239,0,235,0,228,0,NA,NA,NA,NA,NA,NA,NA,NA,NA,NA,NA,NA,NA,NA,NA,NA,NA
"Quincy Adeboyejo",207,0,198,0,199,0,192,0,187,0,170,0,180,0,195,0,180,0,173,0,169,0,208,0,181,0,214,0,141,0,225,0,185,0,NA,NA,NA,NA,NA,NA,NA,NA,NA,NA,NA,NA,NA,NA,NA,NA,NA
"Quincy Enunwa",455,-2.4,NA,NA,NA,NA,NA,NA,NA,NA,NA,NA,NA,NA,NA,NA,NA,NA,NA,NA,NA,NA,NA,NA,NA,NA,NA,NA,NA,NA,NA,NA,NA,NA,NA,NA,NA,NA,NA,NA,NA,NA,NA,NA,NA,NA,NA,NA,NA,NA,NA
"Quintez Cephus",310,0,296,0,302,0,295,0,293,0,287,0,289,0,296,0,286,0,285,0,279,0,281,0,290,0,288,0,294,0,289,0,282,0,NA,NA,NA,NA,NA,NA,NA,NA,NA,NA,NA,NA,NA,NA,NA,NA,NA
"Quinton Bell",136,0,148,0,141,0,135,0,128,0,124,0,126,0,133,0,157,0,124,0,119,0,158,0,169,0,166,0,177,0,170,0,131,0,NA,NA,NA,NA,NA,NA,NA,NA,NA,NA,NA,NA,NA,NA,NA,NA,NA
"Randall Cobb",21,12.9,71,3.5,83,2.3,50,4.1,39,5.3,333,0,70,2.9,347,0,78,1.5,6,16.6,5,17.5,26,8.6,50,5.3,51,4.3,398,-0.3,37,7.3,29,8.1,73,57,49,54,59,NA,NA,NA,55,58,51,52,49,51,58,60,53
"Rashad Greene",451,0,NA,NA,NA,NA,NA,NA,NA,NA,NA,NA,NA,NA,NA,NA,NA,NA,NA,NA,NA,NA,NA,NA,NA,NA,NA,NA,NA,NA,NA,NA,NA,NA,NA,NA,NA,NA,NA,NA,NA,NA,NA,NA,NA,NA,NA,NA,NA,NA,NA
"Rashard Davis",255,0,240,0,240,0,232,0,231,0,226,0,227,0,237,0,187,0,208,0,219,0,176,0,186,0,181,0,184,0,187,0,85,1.6,NA,NA,NA,NA,NA,NA,NA,NA,NA,NA,NA,NA,NA,NA,NA,NA,NA
"Rashard Higgins",60,4.6,390,0,381,0,386,0,380,0,377,0,379,0,106,0.2,382,0,35,6.7,374,0,377,0,385,0,381,0,384,0,383,0,381,0,66,NA,NA,NA,NA,NA,NA,NA,NA,NA,71,NA,90,94,NA,NA,NA
"Ray-Ray McCloud",217,0,211,0,213,0,203,0,200,0,402,-2,NA,NA,NA,NA,NA,NA,NA,NA,NA,NA,NA,NA,NA,NA,NA,NA,NA,NA,NA,NA,NA,NA,NA,NA,NA,NA,NA,NA,NA,NA,NA,NA,NA,NA,NA,NA,NA,NA,NA
"Reggie Begelton",304,0,289,0,286,0,279,0,276,0,271,0,273,0,280,0,270,0,269,0,263,0,265,0,274,0,271,0,277,0,273,0,266,0,NA,NA,NA,NA,NA,NA,NA,NA,NA,NA,NA,NA,NA,NA,NA,NA,NA
"Reggie Davis",189,0,188,0,207,0,181,0,223,0,223,0,225,0,224,0,172,0,171,0,217,0,174,0,184,0,188,0,198,0,194,0,220,0,NA,NA,NA,NA,NA,NA,NA,NA,NA,NA,NA,NA,NA,NA,NA,NA,NA
"Ricardo Louis",438,0,392,0,390,0,379,0,378,0,375,0,375,0,382,0,380,0,377,0,370,0,373,0,383,0,379,0,379,0,381,0,379,0,NA,NA,NA,NA,NA,NA,NA,NA,NA,NA,NA,NA,NA,NA,NA,NA,NA
"Richie James",35,9.9,99,0.7,114,0.2,208,0,207,0,200,0,57,4,215,0,223,0,198,0,38,5.7,221,0,230,0,398,-0.1,229,0,213,0,200,0,NA,NA,NA,NA,90,NA,NA,NA,NA,NA,NA,NA,NA,NA,NA,NA,NA
"Rico Gafford",115,0,112,0,119,0,121,0,124,0,108,0,113,0,111,0,115,0,101,0,98,0,120,0,121,0,130,0,215,0,196,0,113,0,NA,NA,NA,NA,NA,NA,NA,NA,NA,NA,NA,NA,NA,NA,NA,NA,NA
"Riley McCarron",182,0,NA,NA,NA,NA,NA,NA,NA,NA,NA,NA,NA,NA,NA,NA,NA,NA,NA,NA,NA,NA,NA,NA,NA,NA,NA,NA,NA,NA,NA,NA,NA,NA,NA,NA,NA,NA,NA,NA,NA,NA,NA,NA,NA,NA,NA,NA,NA,NA,NA
"Riley Ridley",164,0,150,0,162,0,157,0,160,0,149,0,150,0,158,0,107,0,90,0,142,0,105,0,111,0,108,0.5,93,1,114,0,45,5.4,NA,NA,NA,NA,NA,NA,NA,NA,NA,NA,NA,NA,NA,NA,NA,NA,NA
"River Cracraft",254,0,239,0,NA,NA,NA,NA,NA,NA,NA,NA,NA,NA,NA,NA,NA,NA,NA,NA,NA,NA,NA,NA,NA,NA,NA,NA,NA,NA,NA,NA,NA,NA,NA,NA,NA,NA,NA,NA,NA,NA,NA,NA,NA,NA,NA,NA,NA,NA,NA
"Robby Anderson",81,2.3,38,8.1,96,1.1,382,0,75,1.6,5,18.5,87,1,57,4.3,59,3.3,77,1.1,35,6.6,11,14.6,27,10.1,8,18.1,36,8.6,29,9.2,83,1.8,34,40,46,NA,41,37,33,31,24,32,40,37,41,23,34,38,32
"Robert Davis",213,0,203,0,204,0,87,1.1,193,0,188,0,195,0,201,0,209,0,179,0,184,0,222,0,231,0,195,0,123,0,103,0.6,194,0,NA,NA,NA,NA,NA,NA,NA,NA,NA,NA,NA,NA,NA,NA,NA,NA,NA
"Robert Foster",225,0,214,0,217,0,205,0,203,0,196,0,202,0,211,0,218,0,68,2,193,0,46,4.6,73,2.7,225,0,224,0,227,0,202,0,81,91,NA,NA,NA,NA,NA,NA,NA,NA,NA,NA,NA,NA,NA,NA,NA
"Robert Woods",41,8.6,61,4.2,50,5.8,8,16.4,46,4.8,24,7.6,27,8.6,61,4.2,337,0,20,9.5,333,0,21,9.7,6,17.2,7,18.7,83,1.7,13,12.3,14,13.6,17,12,19,17,18,19,11,20,NA,23,NA,34,25,19,12,19,11
"Rod Harper",406,0,376,0,372,0,365,0,362,0,361,0,363,0,373,0,364,0,364,0,358,0,360,0,366,0,362,0,366,0,366,0,362,0,NA,NA,NA,NA,NA,NA,NA,NA,NA,NA,NA,NA,NA,NA,NA,NA,NA
"Rod Streater",375,0,NA,NA,NA,NA,NA,NA,NA,NA,NA,NA,NA,NA,NA,NA,NA,NA,NA,NA,NA,NA,NA,NA,NA,NA,NA,NA,NA,NA,NA,NA,NA,NA,NA,NA,NA,NA,NA,NA,NA,NA,NA,NA,NA,NA,NA,NA,NA,NA,NA
"Russell Gage",93,1.2,208,0,210,0,201,0,82,1.2,91,0.6,396,-0.7,46,5.8,228,0,65,2.3,59,3.2,28,7.6,24,11.2,88,1.7,63,3.3,45,5.6,34,6.8,NA,NA,NA,NA,NA,NA,NA,NA,NA,52,50,51,45,56,57,56,44
"Russell Shepard",370,0,82,1.9,105,0.6,NA,NA,NA,NA,NA,NA,NA,NA,NA,NA,NA,NA,NA,NA,NA,NA,NA,NA,NA,NA,NA,NA,NA,NA,NA,NA,NA,NA,124,113,NA,NA,NA,NA,NA,NA,NA,NA,NA,NA,NA,NA,NA,NA,NA
"Ryan Grant",88,1.6,409,-0.2,NA,NA,NA,NA,NA,NA,NA,NA,NA,NA,NA,NA,NA,NA,NA,NA,NA,NA,NA,NA,NA,NA,NA,NA,NA,NA,NA,NA,NA,NA,99,89,NA,NA,NA,NA,NA,NA,NA,NA,NA,NA,NA,NA,NA,NA,NA
"Ryan Switzer",76,2.9,195,0,196,0,180,0,174,0,399,-0.2,173,0,186,0,196,0,187,0,167,0,172,0,194,0,180,0,211,0,218,0,177,0,NA,NA,NA,NA,NA,NA,NA,NA,NA,NA,NA,NA,NA,NA,NA,NA,NA
"Rysen John",331,0,317,0,282,0,275,0,272,0,267,0,307,0,314,0,304,0,303,0,297,0,299,0,306,0,303,0,310,0,307,0,300,0,NA,NA,NA,NA,NA,NA,NA,NA,NA,NA,NA,NA,NA,NA,NA,NA,NA
"Saeed Blacknall",112,0,121,0,117,0,117,0,122,0,106,0,111,0,122,0,113,0,99,0,96,0,118,0,125,0,128,0,213,0,177,0,119,0,NA,NA,NA,NA,NA,NA,NA,NA,NA,NA,NA,NA,NA,NA,NA,NA,NA
"Sam Giguere",405,0,370,0,371,0,357,0,356,0,360,0,357,0,367,0,363,0,358,0,357,0,359,0,365,0,361,0,360,0,365,0,361,0,NA,NA,NA,NA,NA,NA,NA,NA,NA,NA,NA,NA,NA,NA,NA,NA,NA
"Sammy Watkins",1,37.8,58,4.9,45,6.4,55,3.4,387,0,389,0,390,0,55,4.5,40,6.3,42,5.1,67,2.6,390,0,392,0,47,5,43,6.9,63,2.8,101,0.8,36,8,7,9,13,NA,NA,52,36,25,32,NA,27,46,46,50,46
"Scott Miller",134,0,136,0,139,0,134,0,72,1.8,49,3.9,125,0,132,0,156,0,52,3.3,31,7.1,91,0.6,168,0,165,0,25,10.9,168,0,130,0,NA,NA,NA,NA,NA,NA,NA,NA,NA,NA,NA,76,NA,NA,NA,NA,NA
"Scotty McKnight",361,0,347,0,345,0,338,0,337,0,332,0,337,0,344,0,335,0,336,0,330,0,331,0,335,0,335,0,341,0,337,0,332,0,NA,NA,NA,NA,NA,NA,NA,NA,NA,NA,NA,NA,NA,NA,NA,NA,NA
"Scotty Washington",291,0,276,0,274,0,267,0,264,0,259,0,264,0,271,0,261,0,260,0,254,0,256,0,264,0,261,0,267,0,264,0,257,0,NA,NA,NA,NA,NA,NA,NA,NA,NA,NA,NA,NA,NA,NA,NA,NA,NA
"Seth Roberts",96,1,403,0,68,3.7,52,3.6,396,0,65,2.3,88,0.9,399,0,394,0,397,0,29,7.5,52,3.9,104,0.5,103,0.8,15,12.6,70,2.3,393,0,NA,NA,NA,NA,NA,NA,84,NA,NA,92,NA,100,98,93,87,84,NA
"Shaq Roland",111,0,116,0,115,0,112,0,155,0,103,0,107,0,115,0,96,0,92,0,108,0,103,0,132,0,124,0,138,0,131,0,147,0,NA,NA,NA,NA,NA,NA,NA,NA,NA,NA,NA,NA,NA,NA,NA,NA,NA
"Shawn Poindexter",162,0,158,0,160,0,155,0,169,0,147,0,147,0,156,0,105,0,87,0,140,0,114,0,114,0,120,0,120,0,115,0,153,0,NA,NA,NA,NA,NA,NA,NA,NA,NA,NA,NA,NA,NA,NA,NA,NA,NA
"Siaosi Mariner",342,0,328,0,325,0,318,0,316,0,310,0,313,0,320,0,310,0,309,0,303,0,305,0,315,0,312,0,319,0,313,0,306,0,NA,NA,NA,NA,NA,NA,NA,NA,NA,NA,NA,NA,NA,NA,NA,NA,NA
"Spencer Schnell",NA,NA,NA,NA,NA,NA,NA,NA,NA,NA,NA,NA,NA,NA,NA,NA,NA,NA,NA,NA,NA,NA,NA,NA,NA,NA,NA,NA,NA,NA,232,0,NA,NA,NA,NA,NA,NA,NA,NA,NA,NA,NA,NA,NA,NA,NA,NA,NA,NA,NA
"Stanley Morgan Jr. ",155,0,167,0,171,0,164,0,95,0.6,155,0,159,0,105,0.3,165,0,80,0.9,151,0,166,0,177,0,174,0,163,0,172,0,159,0,NA,NA,NA,NA,NA,NA,NA,NA,NA,NA,NA,NA,NA,NA,NA,NA,NA
"Stefon Diggs",67,3.7,31,8.9,91,1.5,24,8.8,50,4.4,1,36.5,7,14.3,16,12.3,74,1.6,45,4.9,4,18.1,386,0,51,5.2,30,9.2,40,8,15,11.7,369,0,18,21,22,36,24,25,24,8,10,10,17,NA,14,10,17,13,70
"Stephen Carlson",130,0,132,0,135,0,130,0,161,0,115,0,121,0,128,0,130,0,119,0,109,0,131,0,152,0,141,0,173,0,150,0,126,0,NA,NA,NA,NA,NA,NA,NA,NA,NA,NA,NA,NA,NA,NA,NA,NA,NA
"Stephen Guidry",284,0,269,0,267,0,260,0,257,0,252,0,272,0,279,0,269,0,268,0,262,0,264,0,305,0,302,0,309,0,272,0,265,0,NA,NA,NA,NA,NA,NA,NA,NA,NA,NA,NA,NA,NA,NA,NA,NA,NA
"Stephen Sullivan",273,0,258,0,257,0,250,0,247,0,242,0,245,0,252,0,242,0,241,0,235,0,237,0,246,0,243,0,249,0,245,0,238,0,NA,NA,NA,NA,NA,NA,NA,NA,NA,NA,NA,NA,NA,NA,NA,NA,NA
"Sterling Shepard",61,4.2,387,0,7,20.1,18,9.9,48,4.7,378,0,380,0,387,0,383,0,380,0,375,0,55,3.7,28,10,61,3.6,24,11.1,10,13.6,57,3.9,35,NA,42,21,27,NA,NA,NA,NA,NA,NA,45,34,29,33,36,23
"Steven Mitchell Jr.",117,0,120,0,122,0,109,0,112,0,105,0,103,0,118,0,118,0,104,0,100,0,152,0,203,0,199,0,218,0,204,0,61,3.7,NA,NA,NA,NA,NA,NA,NA,NA,NA,NA,NA,NA,NA,NA,NA,NA,NA
"Steven Sims",121,0,83,1.9,81,2.4,139,0,15,12.6,96,0.1,93,0.5,239,0,81,1.2,125,0,90,0.6,38,6,69,2.9,56,4,26,10.5,3,19.3,15,13.5,NA,NA,NA,NA,NA,NA,NA,NA,NA,NA,NA,NA,NA,NA,NA,65,36
"T.Y. Hilton",7,20.7,27,10.3,19,12.5,335,0,54,3.7,328,0,10,13.4,47,5.4,331,0,330,0,325,0,75,1.8,332,0,330,0,71,2.5,64,2.6,32,7.2,22,17,16,NA,23,NA,6,12,NA,NA,NA,19,NA,NA,80,30,25
"Taj Smith",363,0,346,0,344,0,337,0,334,0,329,0,335,0,342,0,332,0,333,0,327,0,328,0,334,0,332,0,339,0,336,0,330,0,NA,NA,NA,NA,NA,NA,NA,NA,NA,NA,NA,NA,NA,NA,NA,NA,NA
"Tajae Sharpe",412,0,80,2.4,38,7,385,0,81,1.2,376,0,32,7.9,30,7.8,62,3.1,67,2,373,0,376,0,384,0,82,2.5,65,2.8,4,18.9,93,1.3,NA,NA,NA,NA,NA,NA,NA,NA,NA,69,NA,88,NA,NA,NA,89,63
"Tavon Austin",101,0.8,NA,NA,NA,NA,94,0.8,62,2.7,31,6.4,30,8,NA,NA,339,0,82,0.7,331,0,332,0,80,2.2,336,0,18,12.2,104,0.5,109,0.1,NA,NA,NA,NA,NA,NA,77,NA,92,90,NA,NA,NA,NA,NA,NA,NA
"Taylor Gabriel",80,2.4,78,2.5,3,26.2,NA,NA,NA,NA,NA,NA,91,0.6,49,5.3,34,6.9,19,9.8,39,5.7,74,1.9,NA,NA,NA,NA,NA,NA,NA,NA,NA,NA,65,74,79,NA,NA,NA,70,73,57,51,55,48,NA,NA,NA,NA,NA
"Taywan Taylor",200,0,193,0,190,0,187,0,184,0,181,0,184,0,192,0,109,0,199,0,179,0,98,0,110,0,150,0,178,0,132,0,186,0,105,122,NA,NA,NA,NA,NA,NA,NA,NA,NA,NA,NA,NA,NA,NA,NA
"Ted Ginn",32,10.1,363,0,90,1.5,72,1.9,21,9.6,39,4.8,50,4.8,58,4.2,354,0,86,0.5,30,7.4,54,3.8,355,0,48,5,90,1.3,356,0,99,1,60,58,66,64,62,62,54,53,NA,40,45,53,57,60,64,66,61
"Tee Higgins",300,0,285,0,292,0,285,0,283,0,277,0,294,0,301,0,291,0,290,0,284,0,286,0,282,0,273,0,286,0,294,0,287,0,NA,NA,NA,NA,NA,NA,NA,NA,NA,NA,NA,NA,NA,NA,NA,NA,NA
"Terrance Williams",367,0,NA,NA,NA,NA,NA,NA,NA,NA,NA,NA,NA,NA,NA,NA,NA,NA,NA,NA,NA,NA,NA,NA,NA,NA,NA,NA,NA,NA,NA,NA,NA,NA,NA,NA,NA,NA,NA,NA,NA,NA,NA,NA,NA,NA,NA,NA,NA,NA,NA
"Terry Godwin",158,0,154,0,156,0,150,0,163,0,141,0,144,0,152,0,100,0,141,0,136,0,107,0,126,0,118,0,115,0,124,0,150,0,NA,NA,NA,NA,NA,NA,NA,NA,NA,NA,NA,NA,NA,NA,NA,NA,NA
"Terry McLaurin",9,18.5,16,12.2,17,13,159,0,44,5.1,2,22,85,1.1,62,3.9,54,3.9,137,0,32,6.9,31,7.2,100,0.8,22,11.7,5,19,33,8.6,174,0,82,47,43,NA,44,21,28,24,32,NA,22,28,30,37,27,16,NA
"Tevin Jones",427,0,388,0,386,0,376,0,370,0,369,0,372,0,380,0,373,0,373,0,71,2.4,86,0.9,71,2.8,370,0,375,0,373,0,370,0,NA,NA,NA,NA,NA,NA,NA,NA,NA,NA,NA,NA,NA,NA,NA,NA,NA
"Thomas Ives",308,0,294,0,291,0,284,0,282,0,275,0,279,0,238,0,229,0,228,0,269,0,271,0,279,0,277,0,283,0,279,0,225,0,NA,NA,NA,NA,NA,NA,NA,NA,NA,NA,NA,NA,NA,NA,NA,NA,NA
"Tim Patrick",208,0,199,0,200,0,193,0,188,0,179,0,190,0,196,0,183,0,174,0,27,7.7,96,0.3,220,0,49,5,68,2.6,49,4.8,88,1.4,NA,NA,NA,NA,NA,NA,NA,NA,NA,NA,NA,58,66,70,74,75,66
"TJ Jones",NA,NA,29,9.8,396,0,390,0,NA,NA,NA,NA,NA,NA,NA,NA,NA,NA,NA,NA,NA,NA,NA,NA,NA,NA,NA,NA,NA,NA,NA,NA,NA,NA,NA,NA,92,NA,NA,NA,NA,NA,NA,NA,NA,NA,NA,NA,NA,NA,NA
"Todd Watkins",392,0,365,0,361,0,356,0,352,0,349,0,352,0,362,0,353,0,354,0,346,0,348,0,354,0,351,0,356,0,355,0,351,0,NA,NA,NA,NA,NA,NA,NA,NA,NA,NA,NA,NA,NA,NA,NA,NA,NA
"Tom Kennedy",256,0,291,0,289,0,282,0,279,0,274,0,277,0,284,0,274,0,273,0,267,0,269,0,278,0,275,0,281,0,277,0,270,0,NA,NA,NA,NA,NA,NA,NA,NA,NA,NA,NA,NA,NA,NA,NA,NA,NA
"Tony Jones",411,0,NA,NA,NA,NA,NA,NA,NA,NA,NA,NA,NA,NA,NA,NA,NA,NA,NA,NA,NA,NA,NA,NA,NA,NA,NA,NA,NA,NA,NA,NA,NA,NA,NA,NA,NA,NA,NA,NA,NA,NA,NA,NA,NA,NA,NA,NA,NA,NA,NA
"Torrey Smith",364,0,NA,NA,NA,NA,NA,NA,NA,NA,NA,NA,NA,NA,NA,NA,NA,NA,NA,NA,NA,NA,NA,NA,NA,NA,NA,NA,NA,NA,NA,NA,NA,NA,NA,NA,NA,NA,NA,NA,NA,NA,NA,NA,NA,NA,NA,NA,NA,NA,NA
"Travis Benjamin",94,1.2,341,0,110,0.5,333,0,79,1.3,326,0,333,0,340,0,329,0,328,0,323,0,324,0,330,0,328,0,336,0,333,0,327,0,92,86,86,NA,NA,NA,NA,NA,NA,NA,NA,NA,NA,NA,NA,NA,NA
"Travis Fulgham",178,0,161,0,180,0,174,0,130,0,164,0,168,0,176,0,148,0,136,0,162,0,151,0,160,0,133,0,128,0,151,0,173,0,NA,NA,NA,NA,NA,NA,NA,NA,NA,NA,NA,NA,NA,NA,NA,NA,NA
"Tre'Quan Smith",42,8.6,57,4.9,235,0,226,0,226,0,206,0,220,0,231,0,206,0,74,1.3,204,0,30,7.3,85,1.4,33,8.9,39,8.1,87,1.3,21,11.6,55,68,NA,NA,NA,NA,NA,NA,NA,74,60,66,72,77,77,76,68
"Trent Sherfield",216,0,151,0,154,0,77,1.5,67,2.3,51,3.8,96,0.4,120,0,151,0,106,0,102,0,194,0,205,0,201,0,220,0,205,0,116,0,NA,NA,NA,104,69,72,79,NA,NA,NA,NA,NA,NA,NA,NA,NA,NA
"Trent Taylor",212,0,202,0,203,0,197,0,192,0,187,0,194,0,199,0,212,0,178,0,182,0,211,0,212,0,224,0,134,0,200,0,193,0,NA,NA,NA,NA,NA,NA,NA,NA,NA,NA,NA,NA,NA,NA,NA,NA,NA
"Trenton Irwin",131,0,133,0,136,0,131,0,134,0,121,0,122,0,129,0,141,0,120,0,115,0,141,0,165,0,148,0,174,0,165,0,127,0,NA,NA,NA,NA,NA,NA,NA,NA,NA,NA,NA,NA,NA,NA,NA,NA,NA
"TreVontae Hights",347,0,333,0,331,0,324,0,322,0,316,0,320,0,327,0,317,0,316,0,310,0,312,0,321,0,318,0,325,0,320,0,313,0,NA,NA,NA,NA,NA,NA,NA,NA,NA,NA,NA,NA,NA,NA,NA,NA,NA
"Trevor Davis",77,2.8,395,0,393,0,11,13.4,68,2.2,383,0,74,2.6,86,1.4,386,0,385,0,381,0,383,0,400,-2,384,0,386,0,386,0,385,0,NA,NA,NA,NA,NA,NA,73,85,88,NA,NA,NA,107,NA,NA,NA,NA
"Trey Quinn",37,9.3,70,3.6,74,3,89,1,400,-0.2,86,0.8,69,3,84,1.5,84,0.9,215,0,62,2.9,202,0,211,0,213,0,187,0,219,0,208,0,68,62,67,53,66,61,71,76,73,NA,70,83,91,NA,NA,NA,NA
"Trinity Benson",152,0,127,0,130,0,125,0,127,0,116,0,116,0,136,0,125,0,115,0,110,0,127,0,139,0,137,0,148,0,137,0,128,0,NA,NA,NA,NA,NA,NA,NA,NA,NA,NA,NA,NA,NA,NA,NA,NA,NA
"Trishton Jackson",271,0,256,0,255,0,248,0,245,0,240,0,244,0,251,0,241,0,240,0,234,0,236,0,233,0,241,0,236,0,244,0,237,0,NA,NA,NA,NA,NA,NA,NA,NA,NA,NA,NA,NA,NA,NA,NA,NA,NA
"Tyler Boyd",52,6.3,15,12.2,41,6.8,56,3.3,8,18.3,84,1,62,3.5,36,6.8,384,0,37,6.2,86,1,13,14.1,21,11.9,36,8.2,66,2.6,1,24.8,42,5.9,20,20,26,15,12,14,19,29,NA,36,29,36,23,24,36,17,15
"Tyler Davis",417,0,383,0,379,0,369,0,366,0,371,0,370,0,376,0,371,0,383,0,367,0,368,0,374,0,374,0,373,0,370,0,368,0,NA,NA,NA,NA,NA,NA,NA,NA,NA,NA,NA,NA,NA,NA,NA,NA,NA
"Tyler Ervin",437,0,391,0,389,0,383,0,377,0,374,0,378,0,384,0,379,0,376,0,369,0,372,0,382,0,378,0,382,0,380,0,378,0,NA,NA,NA,NA,NA,NA,NA,NA,NA,NA,NA,NA,NA,NA,NA,NA,NA
"Tyler Grisham",391,0,364,0,360,0,355,0,351,0,348,0,351,0,361,0,352,0,353,0,345,0,347,0,353,0,350,0,355,0,354,0,350,0,NA,NA,NA,NA,NA,NA,NA,NA,NA,NA,NA,NA,NA,NA,NA,NA,NA
"Tyler Johnson",141,0,165,0,169,0,162,0,139,0,138,0,141,0,163,0,163,0,149,0,149,0,164,0,175,0,172,0,161,0,175,0,136,0,NA,NA,NA,NA,NA,NA,NA,NA,NA,NA,NA,NA,NA,NA,NA,NA,NA
"Tyler Lockett",27,10.4,39,7.9,5,21.4,37,5.1,20,10.3,23,7.8,13,11.8,22,10,1,27.2,57,2.9,392,0,53,3.8,395,0,52,4.3,8,18,90,1.2,23,11.1,11,19,12,7,10,10,8,3,4,9,NA,8,10,18,21,7,14
"Tyler Simmons",289,0,274,0,272,0,265,0,262,0,257,0,262,0,269,0,259,0,258,0,252,0,254,0,262,0,259,0,265,0,262,0,255,0,NA,NA,NA,NA,NA,NA,NA,NA,NA,NA,NA,NA,NA,NA,NA,NA,NA
"Tyreek Hill",84,2.1,398,0,395,0,389,0,384,0,3,20,11,13.4,29,8.1,4,20.5,3,22,382,0,385,0,53,5.1,42,7,7,18.8,38,7.2,41,6.1,8,NA,NA,NA,NA,11,4,7,7,1,1,NA,1,4,4,4,3
"Tyrell Williams",15,16.5,23,10.6,31,8.9,20,9.6,368,0,367,0,369,0,10,15.1,46,4.8,62,2.5,24,8.2,78,1.8,96,0.9,63,3.5,27,10.5,34,8.2,367,0,42,22,33,33,NA,NA,NA,38,20,27,24,22,32,36,41,49,42
"Tyrie Cleveland",270,0,255,0,254,0,247,0,244,0,239,0,243,0,250,0,240,0,239,0,233,0,235,0,244,0,230,0,247,0,243,0,236,0,NA,NA,NA,NA,NA,NA,NA,NA,NA,NA,NA,NA,NA,NA,NA,NA,NA
"Tyron Johnson",153,0,128,0,131,0,126,0,154,0,117,0,117,0,124,0,126,0,116,0,111,0,128,0,140,0,138,0,149,0,138,0,122,0,NA,NA,NA,NA,NA,NA,NA,NA,NA,NA,NA,NA,NA,NA,NA,NA,NA
"Van Jefferson",313,0,299,0,297,0,290,0,288,0,282,0,283,0,290,0,280,0,279,0,273,0,275,0,285,0,283,0,289,0,283,0,276,0,NA,NA,NA,NA,NA,NA,NA,NA,NA,NA,NA,NA,NA,NA,NA,NA,NA
"Ventell Bryant",306,0,241,0,241,0,234,0,280,0,227,0,232,0,285,0,275,0,274,0,268,0,270,0,37,7.5,228,0,235,0,278,0,271,0,NA,NA,NA,NA,NA,NA,NA,NA,NA,NA,NA,NA,NA,NA,NA,NA,NA
"Victor Bolden Jr.",243,0,231,0,231,0,220,0,221,0,220,0,221,0,227,0,170,0,168,0,214,0,170,0,182,0,178,0,202,0,183,0,218,0,NA,NA,NA,NA,NA,NA,NA,NA,NA,NA,NA,NA,NA,NA,NA,NA,NA
"Vyncint Smith",235,0,225,0,226,0,214,0,28,7.9,93,0.5,215,0,73,2.3,69,2,206,0,398,-2,69,2.2,79,2.3,59,3.7,58,4,59,3.2,43,5.6,NA,NA,NA,NA,NA,NA,NA,NA,NA,NA,NA,NA,NA,NA,NA,NA,62
"Will Fuller",49,6.9,63,4,55,5.1,63,2.3,1,39.7,44,4.4,92,0.6,386,0,376,0,379,0,372,0,14,14,97,0.8,375,0,47,6.1,93,1.1,375,0,30,35,32,35,25,17,17,NA,NA,NA,NA,32,35,NA,53,22,NA
"Willie Snead",33,10.1,106,0.5,58,4.7,13,12.1,45,5.1,70,1.8,100,0.2,401,0,79,1.5,76,1.2,82,1.3,16,13.4,90,1.2,41,7.3,85,1.5,398,0,78,2.2,69,73,75,71,65,56,56,NA,68,70,67,74,79,76,79,81,NA
"Zach Pascal",191,0,185,0,25,11.3,29,7.2,70,2,218,0,2,22.6,101,0.6,13,13.6,60,2.6,78,1.7,184,0,25,10.9,12,15.4,54,4.4,100,0.6,90,1.4,NA,NA,NA,72,68,NA,81,63,45,29,37,41,59,31,37,42,45
"Zay Jones",85,1.8,91,1.4,70,3.3,106,0.4,182,0,191,0,181,0,68,2.7,64,2.4,79,1,70,2.5,94,0.5,84,1.4,109,0.5,106,0.5,85,1.4,80,2.1,58,77,81,74,81,NA,NA,NA,72,65,68,71,75,73,82,93,NA
"Zimari Manning",285,0,270,0,268,0,261,0,258,0,253,0,305,0,312,0,302,0,301,0,295,0,297,0,258,0,255,0,261,0,305,0,298,0,NA,NA,NA,NA,NA,NA,NA,NA,NA,NA,NA,NA,NA,NA,NA,NA,NA
"Odell Beckham Jr.",NA,NA,NA,NA,NA,NA,NA,NA,NA,NA,NA,NA,NA,NA,NA,NA,NA,NA,NA,NA,NA,NA,NA,NA,NA,NA,NA,NA,NA,NA,NA,NA,NA,NA,3,4,4,5,4,8,NA,18,17,13,13,5,13,12,18,31,20
"Paul Richardson Jr.",NA,NA,NA,NA,NA,NA,NA,NA,NA,NA,NA,NA,NA,NA,NA,NA,NA,NA,NA,NA,NA,NA,NA,NA,NA,NA,NA,NA,NA,NA,NA,NA,NA,NA,71,72,73,41,57,54,64,80,64,NA,NA,93,NA,NA,NA,NA,NA
