"player","ecr","ecrwk","fpts","fptswk","rank","rankwk"
"A.J. Brown",87,"ecr_01",10,"fpts_01",34,"rank_01"
"Adam Humphries",56,"ecr_01",0.5,"fpts_01",109,"rank_01"
"Adam Thielen",10,"ecr_01",10.3,"fpts_01",28,"rank_01"
"Albert Wilson",52,"ecr_01",1.4,"fpts_01",90,"rank_01"
"Allen Robinson",21,"ecr_01",10.2,"fpts_01",30,"rank_01"
"Alshon Jeffery",23,"ecr_01",17.1,"fpts_01",13,"rank_01"
"Amari Cooper",13,"ecr_01",16.6,"fpts_01",14,"rank_01"
"Andy Isabella",91,"ecr_01",0,"fpts_01",157,"rank_01"
"Anthony Miller",49,"ecr_01",0,"fpts_01",252,"rank_01"
"Brandin Cooks",12,"ecr_01",3.9,"fpts_01",66,"rank_01"
"Breshad Perriman",84,"ecr_01",1,"fpts_01",97,"rank_01"
"Calvin Ridley",29,"ecr_01",12.4,"fpts_01",22,"rank_01"
"Chester Rogers",119,"ecr_01",0,"fpts_01",428,"rank_01"
"Chris Conley",83,"ecr_01",15.7,"fpts_01",18,"rank_01"
"Chris Godwin",14,"ecr_01",11.3,"fpts_01",25,"rank_01"
"Chris Hogan",96,"ecr_01",0,"fpts_01",376,"rank_01"
"Christian Kirk",38,"ecr_01",6.4,"fpts_01",51,"rank_01"
"Cody Latimer",100,"ecr_01",7.4,"fpts_01",47,"rank_01"
"Cole Beasley",67,"ecr_01",4,"fpts_01",64,"rank_01"
"Cooper Kupp",19,"ecr_01",4.6,"fpts_01",59,"rank_01"
"Cordarrelle Patterson",90,"ecr_01",0.1,"fpts_01",110,"rank_01"
"Corey Davis",37,"ecr_01",0,"fpts_01",201,"rank_01"
"Courtland Sutton",41,"ecr_01",12,"fpts_01",24,"rank_01"
"Curtis Samuel",33,"ecr_01",3.2,"fpts_01",72,"rank_01"
"D.J. Chark",80,"ecr_01",20.6,"fpts_01",8,"rank_01"
"D.J. Moore",25,"ecr_01",5.6,"fpts_01",55,"rank_01"
"D.K. Metcalf",57,"ecr_01",8.9,"fpts_01",40,"rank_01"
"DaeSean Hamilton",63,"ecr_01",0.5,"fpts_01",108,"rank_01"
"Danny Amendola",74,"ecr_01",16.4,"fpts_01",16,"rank_01"
"Dante Pettis",31,"ecr_01",0.7,"fpts_01",103,"rank_01"
"Davante Adams",5,"ecr_01",3.6,"fpts_01",68,"rank_01"
"DeAndre Hopkins",1,"ecr_01",23.1,"fpts_01",5,"rank_01"
"Dede Westbrook",27,"ecr_01",9.2,"fpts_01",38,"rank_01"
"Deebo Samuel",64,"ecr_01",1.7,"fpts_01",87,"rank_01"
"DeSean Jackson",40,"ecr_01",27.4,"fpts_01",3,"rank_01"
"DeVante Parker",59,"ecr_01",7.5,"fpts_01",46,"rank_01"
"Devin Funchess",62,"ecr_01",3.2,"fpts_01",71,"rank_01"
"Diontae Johnson",104,"ecr_01",2.5,"fpts_01",79,"rank_01"
"Donte Moncrief",48,"ecr_01",0.7,"fpts_01",105,"rank_01"
"Emmanuel Sanders",43,"ecr_01",14.6,"fpts_01",19,"rank_01"
"Geronimo Allison",45,"ecr_01",0,"fpts_01",443,"rank_01"
"Hunter Renfrow",85,"ecr_01",1.3,"fpts_01",92,"rank_01"
"J.J. Arcega-Whiteside",88,"ecr_01",0,"fpts_01",166,"rank_01"
"Jake Kumerow",94,"ecr_01",0,"fpts_01",421,"rank_01"
"James Washington",54,"ecr_01",5.1,"fpts_01",57,"rank_01"
"Jamison Crowder",50,"ecr_01",10.3,"fpts_01",29,"rank_01"
"Jarvis Landry",32,"ecr_01",7.7,"fpts_01",45,"rank_01"
"John Brown",44,"ecr_01",18.3,"fpts_01",10,"rank_01"
"John Ross",72,"ecr_01",27.8,"fpts_01",2,"rank_01"
"Josh Gordon",28,"ecr_01",13.3,"fpts_01",20,"rank_01"
"Josh Reynolds",95,"ecr_01",0,"fpts_01",196,"rank_01"
"JuJu Smith-Schuster",7,"ecr_01",7.8,"fpts_01",44,"rank_01"
"Julian Edelman",15,"ecr_01",10.4,"fpts_01",26,"rank_01"
"Julio Jones",6,"ecr_01",9.1,"fpts_01",39,"rank_01"
"Keelan Cole",93,"ecr_01",0,"fpts_01",184,"rank_01"
"Keenan Allen",9,"ecr_01",18.3,"fpts_01",11,"rank_01"
"KeeSean Johnson",89,"ecr_01",4.6,"fpts_01",58,"rank_01"
"Kenny Golladay",16,"ecr_01",10.2,"fpts_01",31,"rank_01"
"Kenny Stills",61,"ecr_01",9.7,"fpts_01",36,"rank_01"
"Larry Fitzgerald",39,"ecr_01",17.3,"fpts_01",12,"rank_01"
"Marqise Lee",86,"ecr_01",0,"fpts_01",447,"rank_01"
"Marquez Valdes-Scantling",47,"ecr_01",5.2,"fpts_01",56,"rank_01"
"Marquise Brown",76,"ecr_01",26.7,"fpts_01",4,"rank_01"
"Marquise Goodwin",51,"ecr_01",0.7,"fpts_01",104,"rank_01"
"Marvin Jones",26,"ecr_01",6,"fpts_01",53,"rank_01"
"Mecole Hardman",77,"ecr_01",0,"fpts_01",172,"rank_01"
"Michael Gallup",46,"ecr_01",15.8,"fpts_01",17,"rank_01"
"Michael Thomas",2,"ecr_01",12.3,"fpts_01",23,"rank_01"
"Mike Evans",4,"ecr_01",2.8,"fpts_01",78,"rank_01"
"Mike Williams",24,"ecr_01",2.9,"fpts_01",75,"rank_01"
"Miles Boykin",70,"ecr_01",6.5,"fpts_01",50,"rank_01"
"Mohamed Sanu",53,"ecr_01",5.7,"fpts_01",54,"rank_01"
"Nelson Agholor",75,"ecr_01",1.1,"fpts_01",95,"rank_01"
"Parris Campbell",79,"ecr_01",0.8,"fpts_01",102,"rank_01"
"Phillip Dorsett",78,"ecr_01",21.5,"fpts_01",6,"rank_01"
"Preston Williams",98,"ecr_01",8.4,"fpts_01",43,"rank_01"
"Randall Cobb",73,"ecr_01",12.9,"fpts_01",21,"rank_01"
"Rashard Higgins",66,"ecr_01",4.6,"fpts_01",60,"rank_01"
"Robby Anderson",34,"ecr_01",2.3,"fpts_01",81,"rank_01"
"Robert Foster",81,"ecr_01",0,"fpts_01",225,"rank_01"
"Robert Woods",17,"ecr_01",8.6,"fpts_01",41,"rank_01"
"Russell Shepard",124,"ecr_01",0,"fpts_01",370,"rank_01"
"Ryan Grant",99,"ecr_01",1.6,"fpts_01",88,"rank_01"
"Sammy Watkins",36,"ecr_01",37.8,"fpts_01",1,"rank_01"
"Stefon Diggs",18,"ecr_01",3.7,"fpts_01",67,"rank_01"
"Sterling Shepard",35,"ecr_01",4.2,"fpts_01",61,"rank_01"
"T.Y. Hilton",22,"ecr_01",20.7,"fpts_01",7,"rank_01"
"Taylor Gabriel",65,"ecr_01",2.4,"fpts_01",80,"rank_01"
"Taywan Taylor",105,"ecr_01",0,"fpts_01",200,"rank_01"
"Ted Ginn",60,"ecr_01",10.1,"fpts_01",32,"rank_01"
"Terry McLaurin",82,"ecr_01",18.5,"fpts_01",9,"rank_01"
"Travis Benjamin",92,"ecr_01",1.2,"fpts_01",94,"rank_01"
"Tre'Quan Smith",55,"ecr_01",8.6,"fpts_01",42,"rank_01"
"Trey Quinn",68,"ecr_01",9.3,"fpts_01",37,"rank_01"
"Tyler Boyd",20,"ecr_01",6.3,"fpts_01",52,"rank_01"
"Tyler Lockett",11,"ecr_01",10.4,"fpts_01",27,"rank_01"
"Tyreek Hill",8,"ecr_01",2.1,"fpts_01",84,"rank_01"
"Tyrell Williams",42,"ecr_01",16.5,"fpts_01",15,"rank_01"
"Will Fuller",30,"ecr_01",6.9,"fpts_01",49,"rank_01"
"Willie Snead",69,"ecr_01",10.1,"fpts_01",33,"rank_01"
"Zay Jones",58,"ecr_01",1.8,"fpts_01",85,"rank_01"
"A.J. Brown",53,"ecr_02",2.5,"fpts_02",77,"rank_02"
"Adam Humphries",76,"ecr_02",0,"fpts_02",378,"rank_02"
"Adam Thielen",11,"ecr_02",7.5,"fpts_02",41,"rank_02"
"Allen Hurns",109,"ecr_02",1.3,"fpts_02",93,"rank_02"
"Allen Robinson",24,"ecr_02",4.1,"fpts_02",62,"rank_02"
"Alshon Jeffery",25,"ecr_02",0,"fpts_02",344,"rank_02"
"Amari Cooper",9,"ecr_02",10.4,"fpts_02",24,"rank_02"
"Anthony Miller",69,"ecr_02",0.2,"fpts_02",110,"rank_02"
"Antonio Brown",30,"ecr_02",12.1,"fpts_02",19,"rank_02"
"Bennie Fowler III",90,"ecr_02",7.1,"fpts_02",45,"rank_02"
"Brandin Cooks",13,"ecr_02",13.6,"fpts_02",12,"rank_02"
"Breshad Perriman",88,"ecr_02",0,"fpts_02",404,"rank_02"
"Calvin Ridley",26,"ecr_02",16.5,"fpts_02",9,"rank_02"
"Chester Rogers",118,"ecr_02",2.4,"fpts_02",79,"rank_02"
"Chris Conley",66,"ecr_02",7.3,"fpts_02",42,"rank_02"
"Chris Godwin",16,"ecr_02",18.1,"fpts_02",4,"rank_02"
"Christian Kirk",39,"ecr_02",11.4,"fpts_02",21,"rank_02"
"Cody Latimer",79,"ecr_02",3,"fpts_02",73,"rank_02"
"Cole Beasley",63,"ecr_02",8.3,"fpts_02",36,"rank_02"
"Cooper Kupp",15,"ecr_02",12.6,"fpts_02",14,"rank_02"
"Cordarrelle Patterson",93,"ecr_02",5,"fpts_02",55,"rank_02"
"Corey Davis",48,"ecr_02",3.8,"fpts_02",69,"rank_02"
"Courtland Sutton",42,"ecr_02",4,"fpts_02",66,"rank_02"
"Curtis Samuel",33,"ecr_02",9.3,"fpts_02",30,"rank_02"
"D.J. Chark",60,"ecr_02",11.5,"fpts_02",20,"rank_02"
"D.J. Moore",18,"ecr_02",8.9,"fpts_02",32,"rank_02"
"D.K. Metcalf",43,"ecr_02",12.1,"fpts_02",18,"rank_02"
"DaeSean Hamilton",71,"ecr_02",1.5,"fpts_02",89,"rank_02"
"Danny Amendola",56,"ecr_02",0,"fpts_02",361,"rank_02"
"Dante Pettis",67,"ecr_02",0.6,"fpts_02",104,"rank_02"
"Davante Adams",6,"ecr_02",10.6,"fpts_02",22,"rank_02"
"DeAndre Hopkins",2,"ecr_02",4,"fpts_02",65,"rank_02"
"Dede Westbrook",37,"ecr_02",0.3,"fpts_02",109,"rank_02"
"Deebo Samuel",64,"ecr_02",15.3,"fpts_02",10,"rank_02"
"Demarcus Robinson",81,"ecr_02",29.2,"fpts_02",1,"rank_02"
"Deon Cain",87,"ecr_02",0,"fpts_02",233,"rank_02"
"DeSean Jackson",29,"ecr_02",0,"fpts_02",356,"rank_02"
"DeVante Parker",52,"ecr_02",0,"fpts_02",407,"rank_02"
"Diontae Johnson",99,"ecr_02",1.7,"fpts_02",87,"rank_02"
"Donte Moncrief",50,"ecr_02",0,"fpts_02",399,"rank_02"
"Emmanuel Sanders",44,"ecr_02",17.8,"fpts_02",5,"rank_02"
"Geronimo Allison",61,"ecr_02",6.5,"fpts_02",47,"rank_02"
"Hunter Renfrow",83,"ecr_02",3,"fpts_02",74,"rank_02"
"J.J. Arcega-Whiteside",96,"ecr_02",0.4,"fpts_02",108,"rank_02"
"Jake Kumerow",102,"ecr_02",1.2,"fpts_02",96,"rank_02"
"Jakeem Grant",101,"ecr_02",1.8,"fpts_02",86,"rank_02"
"James Washington",55,"ecr_02",2.3,"fpts_02",81,"rank_02"
"Jamison Crowder",36,"ecr_02",4,"fpts_02",64,"rank_02"
"Jaron Brown",94,"ecr_02",0,"fpts_02",352,"rank_02"
"Jarvis Landry",34,"ecr_02",3.2,"fpts_02",72,"rank_02"
"John Brown",28,"ecr_02",7.2,"fpts_02",43,"rank_02"
"John Ross",38,"ecr_02",17.2,"fpts_02",7,"rank_02"
"Josh Gordon",27,"ecr_02",1.9,"fpts_02",84,"rank_02"
"Josh Reynolds",95,"ecr_02",0,"fpts_02",189,"rank_02"
"JuJu Smith-Schuster",5,"ecr_02",8.4,"fpts_02",35,"rank_02"
"Julian Edelman",14,"ecr_02",5.2,"fpts_02",52,"rank_02"
"Julio Jones",1,"ecr_02",22.6,"fpts_02",2,"rank_02"
"Keenan Allen",7,"ecr_02",9.8,"fpts_02",28,"rank_02"
"KeeSean Johnson",75,"ecr_02",5.1,"fpts_02",53,"rank_02"
"Keke Coutee",78,"ecr_02",0.7,"fpts_02",100,"rank_02"
"Kenny Golladay",23,"ecr_02",17.7,"fpts_02",6,"rank_02"
"Kenny Stills",65,"ecr_02",3.8,"fpts_02",68,"rank_02"
"Larry Fitzgerald",32,"ecr_02",10.4,"fpts_02",25,"rank_02"
"Marquez Valdes-Scantling",45,"ecr_02",1.9,"fpts_02",85,"rank_02"
"Marquise Brown",46,"ecr_02",8.6,"fpts_02",34,"rank_02"
"Marquise Goodwin",59,"ecr_02",13.7,"fpts_02",11,"rank_02"
"Marvin Jones",41,"ecr_02",4.3,"fpts_02",60,"rank_02"
"Mecole Hardman",49,"ecr_02",12.1,"fpts_02",17,"rank_02"
"Michael Crabtree",111,"ecr_02",1.3,"fpts_02",94,"rank_02"
"Michael Gallup",31,"ecr_02",6.8,"fpts_02",46,"rank_02"
"Michael Thomas",3,"ecr_02",8.9,"fpts_02",33,"rank_02"
"Mike Evans",10,"ecr_02",6.1,"fpts_02",50,"rank_02"
"Mike Williams",54,"ecr_02",8.3,"fpts_02",37,"rank_02"
"Miles Boykin",85,"ecr_02",1.1,"fpts_02",98,"rank_02"
"Mohamed Sanu",51,"ecr_02",1.6,"fpts_02",88,"rank_02"
"Nelson Agholor",84,"ecr_02",16.7,"fpts_02",8,"rank_02"
"Parris Campbell",82,"ecr_02",7.2,"fpts_02",44,"rank_02"
"Phillip Dorsett",80,"ecr_02",3.9,"fpts_02",67,"rank_02"
"Preston Williams",70,"ecr_02",6.3,"fpts_02",48,"rank_02"
"Randall Cobb",57,"ecr_02",3.5,"fpts_02",71,"rank_02"
"Robby Anderson",40,"ecr_02",8.1,"fpts_02",38,"rank_02"
"Robert Foster",91,"ecr_02",0,"fpts_02",214,"rank_02"
"Robert Woods",12,"ecr_02",4.2,"fpts_02",61,"rank_02"
"Russell Shepard",113,"ecr_02",1.9,"fpts_02",82,"rank_02"
"Ryan Grant",89,"ecr_02",-0.2,"fpts_02",409,"rank_02"
"Sammy Watkins",8,"ecr_02",4.9,"fpts_02",58,"rank_02"
"Stefon Diggs",21,"ecr_02",8.9,"fpts_02",31,"rank_02"
"T.Y. Hilton",17,"ecr_02",10.3,"fpts_02",27,"rank_02"
"Taylor Gabriel",74,"ecr_02",2.5,"fpts_02",78,"rank_02"
"Taywan Taylor",122,"ecr_02",0,"fpts_02",193,"rank_02"
"Ted Ginn",58,"ecr_02",0,"fpts_02",363,"rank_02"
"Terry McLaurin",47,"ecr_02",12.2,"fpts_02",16,"rank_02"
"Travis Benjamin",86,"ecr_02",0,"fpts_02",341,"rank_02"
"Tre'Quan Smith",68,"ecr_02",4.9,"fpts_02",57,"rank_02"
"Trey Quinn",62,"ecr_02",3.6,"fpts_02",70,"rank_02"
"Tyler Boyd",20,"ecr_02",12.2,"fpts_02",15,"rank_02"
"Tyler Lockett",19,"ecr_02",7.9,"fpts_02",39,"rank_02"
"Tyrell Williams",22,"ecr_02",10.6,"fpts_02",23,"rank_02"
"Will Fuller",35,"ecr_02",4,"fpts_02",63,"rank_02"
"Willie Snead",73,"ecr_02",0.5,"fpts_02",106,"rank_02"
"Zay Jones",77,"ecr_02",1.4,"fpts_02",91,"rank_02"
"A.J. Brown",60,"ecr_03",0.4,"fpts_03",112,"rank_03"
"Adam Humphries",85,"ecr_03",9.3,"fpts_03",30,"rank_03"
"Adam Thielen",14,"ecr_03",17.6,"fpts_03",9,"rank_03"
"Allen Robinson",25,"ecr_03",6,"fpts_03",48,"rank_03"
"Amari Cooper",6,"ecr_03",20.8,"fpts_03",6,"rank_03"
"Anthony Miller",77,"ecr_03",1.5,"fpts_03",92,"rank_03"
"Brandin Cooks",18,"ecr_03",12,"fpts_03",22,"rank_03"
"Breshad Perriman",87,"ecr_03",1.9,"fpts_03",87,"rank_03"
"Calvin Ridley",23,"ecr_03",0.6,"fpts_03",109,"rank_03"
"Chester Rogers",99,"ecr_03",0,"fpts_03",385,"rank_03"
"Chris Conley",55,"ecr_03",3,"fpts_03",73,"rank_03"
"Chris Godwin",8,"ecr_03",4,"fpts_03",63,"rank_03"
"Christian Kirk",29,"ecr_03",5.9,"fpts_03",49,"rank_03"
"Cole Beasley",61,"ecr_03",6.8,"fpts_03",39,"rank_03"
"Cooper Kupp",15,"ecr_03",22.1,"fpts_03",4,"rank_03"
"Corey Davis",56,"ecr_03",4.4,"fpts_03",61,"rank_03"
"Courtland Sutton",44,"ecr_03",8.7,"fpts_03",33,"rank_03"
"Curtis Samuel",36,"ecr_03",11.3,"fpts_03",26,"rank_03"
"D.J. Chark",47,"ecr_03",13.6,"fpts_03",16,"rank_03"
"D.J. Moore",28,"ecr_03",12.4,"fpts_03",20,"rank_03"
"D.K. Metcalf",35,"ecr_03",6.7,"fpts_03",44,"rank_03"
"DaeSean Hamilton",84,"ecr_03",0,"fpts_03",216,"rank_03"
"Damiere Byrd",69,"ecr_03",0.9,"fpts_03",102,"rank_03"
"Danny Amendola",68,"ecr_03",3.7,"fpts_03",69,"rank_03"
"Dante Pettis",82,"ecr_03",8,"fpts_03",36,"rank_03"
"Davante Adams",5,"ecr_03",5.6,"fpts_03",53,"rank_03"
"DeAndre Hopkins",1,"ecr_03",6.7,"fpts_03",43,"rank_03"
"Dede Westbrook",52,"ecr_03",5,"fpts_03",56,"rank_03"
"Deebo Samuel",48,"ecr_03",4.4,"fpts_03",60,"rank_03"
"Demarcus Robinson",39,"ecr_03",10.3,"fpts_03",27,"rank_03"
"Deon Cain",83,"ecr_03",1,"fpts_03",99,"rank_03"
"DeVante Parker",65,"ecr_03",5.6,"fpts_03",52,"rank_03"
"Devin Smith",58,"ecr_03",3.9,"fpts_03",65,"rank_03"
"Diontae Johnson",78,"ecr_03",11.8,"fpts_03",23,"rank_03"
"Dontrelle Inman",96,"ecr_03",2.3,"fpts_03",82,"rank_03"
"Emmanuel Sanders",31,"ecr_03",1,"fpts_03",97,"rank_03"
"Geronimo Allison",62,"ecr_03",-0.1,"fpts_03",403,"rank_03"
"Hunter Renfrow",76,"ecr_03",2.8,"fpts_03",77,"rank_03"
"J.J. Arcega-Whiteside",57,"ecr_03",1,"fpts_03",98,"rank_03"
"James Washington",53,"ecr_03",1.4,"fpts_03",93,"rank_03"
"Jamison Crowder",50,"ecr_03",2.5,"fpts_03",79,"rank_03"
"Jaron Brown",98,"ecr_03",3,"fpts_03",72,"rank_03"
"Jarvis Landry",41,"ecr_03",6.2,"fpts_03",47,"rank_03"
"John Brown",24,"ecr_03",5.5,"fpts_03",54,"rank_03"
"John Ross",40,"ecr_03",0.2,"fpts_03",113,"rank_03"
"Josh Gordon",21,"ecr_03",8.4,"fpts_03",34,"rank_03"
"Josh Reynolds",97,"ecr_03",0,"fpts_03",191,"rank_03"
"JuJu Smith-Schuster",11,"ecr_03",14.1,"fpts_03",15,"rank_03"
"Julian Edelman",17,"ecr_03",12.2,"fpts_03",21,"rank_03"
"Julio Jones",2,"ecr_03",18.8,"fpts_03",8,"rank_03"
"Keenan Allen",3,"ecr_03",30.6,"fpts_03",2,"rank_03"
"KeeSean Johnson",70,"ecr_03",1.3,"fpts_03",94,"rank_03"
"Keke Coutee",72,"ecr_03",0,"fpts_03",215,"rank_03"
"Kenny Golladay",13,"ecr_03",1.7,"fpts_03",89,"rank_03"
"Kenny Stills",64,"ecr_03",8.9,"fpts_03",32,"rank_03"
"Larry Fitzgerald",20,"ecr_03",9.6,"fpts_03",28,"rank_03"
"Mack Hollins",71,"ecr_03",6.2,"fpts_03",46,"rank_03"
"Marquez Valdes-Scantling",45,"ecr_03",15.9,"fpts_03",12,"rank_03"
"Marquise Brown",27,"ecr_03",4.9,"fpts_03",57,"rank_03"
"Marquise Goodwin",51,"ecr_03",4.1,"fpts_03",62,"rank_03"
"Marvin Jones",37,"ecr_03",16.1,"fpts_03",11,"rank_03"
"Mecole Hardman",38,"ecr_03",16.4,"fpts_03",10,"rank_03"
"Michael Crabtree",89,"ecr_03",0.9,"fpts_03",101,"rank_03"
"Michael Thomas",10,"ecr_03",11.4,"fpts_03",24,"rank_03"
"Mike Evans",9,"ecr_03",37,"fpts_03",1,"rank_03"
"Mike Williams",30,"ecr_03",4.5,"fpts_03",59,"rank_03"
"Miles Boykin",74,"ecr_03",0,"fpts_03",167,"rank_03"
"Mohamed Sanu",59,"ecr_03",7.7,"fpts_03",37,"rank_03"
"Nelson Agholor",34,"ecr_03",15,"fpts_03",13,"rank_03"
"Parris Campbell",80,"ecr_03",2.4,"fpts_03",80,"rank_03"
"Phillip Dorsett",54,"ecr_03",12.5,"fpts_03",18,"rank_03"
"Preston Williams",63,"ecr_03",6.8,"fpts_03",40,"rank_03"
"Randall Cobb",49,"ecr_03",2.3,"fpts_03",83,"rank_03"
"Robby Anderson",46,"ecr_03",1.1,"fpts_03",96,"rank_03"
"Robert Woods",19,"ecr_03",5.8,"fpts_03",50,"rank_03"
"Sammy Watkins",7,"ecr_03",6.4,"fpts_03",45,"rank_03"
"Stefon Diggs",22,"ecr_03",1.5,"fpts_03",91,"rank_03"
"Sterling Shepard",42,"ecr_03",20.1,"fpts_03",7,"rank_03"
"T.Y. Hilton",16,"ecr_03",12.5,"fpts_03",19,"rank_03"
"Taylor Gabriel",79,"ecr_03",26.2,"fpts_03",3,"rank_03"
"Ted Ginn",66,"ecr_03",1.5,"fpts_03",90,"rank_03"
"Terry McLaurin",43,"ecr_03",13,"fpts_03",17,"rank_03"
"TJ Jones",92,"ecr_03",0,"fpts_03",396,"rank_03"
"Travis Benjamin",86,"ecr_03",0.5,"fpts_03",110,"rank_03"
"Trey Quinn",67,"ecr_03",3,"fpts_03",74,"rank_03"
"Tyler Boyd",26,"ecr_03",6.8,"fpts_03",41,"rank_03"
"Tyler Lockett",12,"ecr_03",21.4,"fpts_03",5,"rank_03"
"Tyrell Williams",33,"ecr_03",8.9,"fpts_03",31,"rank_03"
"Will Fuller",32,"ecr_03",5.1,"fpts_03",55,"rank_03"
"Willie Snead",75,"ecr_03",4.7,"fpts_03",58,"rank_03"
"Zay Jones",81,"ecr_03",3.3,"fpts_03",70,"rank_03"
"A.J. Brown",63,"ecr_04",21.4,"fpts_04",2,"rank_04"
"Adam Humphries",67,"ecr_04",1.5,"fpts_04",75,"rank_04"
"Adam Thielen",19,"ecr_04",0.6,"fpts_04",101,"rank_04"
"Allen Robinson",27,"ecr_04",7.7,"fpts_04",26,"rank_04"
"Alshon Jeffery",37,"ecr_04",9.8,"fpts_04",19,"rank_04"
"Amari Cooper",6,"ecr_04",4.8,"fpts_04",41,"rank_04"
"Anthony Miller",69,"ecr_04",1.1,"fpts_04",86,"rank_04"
"Bennie Fowler III",76,"ecr_04",0.3,"fpts_04",107,"rank_04"
"Brandin Cooks",13,"ecr_04",7.1,"fpts_04",30,"rank_04"
"Calvin Ridley",26,"ecr_04",3.2,"fpts_04",58,"rank_04"
"Chester Rogers",83,"ecr_04",10.8,"fpts_04",16,"rank_04"
"Chris Conley",62,"ecr_04",1.7,"fpts_04",74,"rank_04"
"Chris Godwin",23,"ecr_04",29.2,"fpts_04",1,"rank_04"
"Christian Kirk",22,"ecr_04",4.3,"fpts_04",49,"rank_04"
"Cody Latimer",75,"ecr_04",0,"fpts_04",394,"rank_04"
"Cole Beasley",51,"ecr_04",7.5,"fpts_04",28,"rank_04"
"Cooper Kupp",8,"ecr_04",17.9,"fpts_04",6,"rank_04"
"Corey Davis",50,"ecr_04",15.1,"fpts_04",9,"rank_04"
"Courtland Sutton",42,"ecr_04",18.2,"fpts_04",4,"rank_04"
"Curtis Samuel",29,"ecr_04",3.3,"fpts_04",57,"rank_04"
"D.J. Chark",43,"ecr_04",4.4,"fpts_04",48,"rank_04"
"D.J. Moore",25,"ecr_04",4.4,"fpts_04",47,"rank_04"
"D.K. Metcalf",31,"ecr_04",0.6,"fpts_04",98,"rank_04"
"DaeSean Hamilton",82,"ecr_04",5.7,"fpts_04",34,"rank_04"
"Davante Adams",4,"ecr_04",18,"fpts_04",5,"rank_04"
"David Moore",73,"ecr_04",0.9,"fpts_04",91,"rank_04"
"DeAndre Hopkins",3,"ecr_04",3.1,"fpts_04",59,"rank_04"
"Dede Westbrook",49,"ecr_04",6.6,"fpts_04",32,"rank_04"
"Demarcus Robinson",32,"ecr_04",3.5,"fpts_04",54,"rank_04"
"Deon Cain",65,"ecr_04",0,"fpts_04",224,"rank_04"
"DeVante Parker",58,"ecr_04",13,"fpts_04",12,"rank_04"
"Devin Smith",59,"ecr_04",0,"fpts_04",397,"rank_04"
"Diontae Johnson",57,"ecr_04",11.7,"fpts_04",15,"rank_04"
"Dontrelle Inman",56,"ecr_04",7.6,"fpts_04",27,"rank_04"
"Emmanuel Sanders",38,"ecr_04",10.4,"fpts_04",17,"rank_04"
"Geronimo Allison",61,"ecr_04",11.9,"fpts_04",14,"rank_04"
"Hunter Renfrow",70,"ecr_04",1.8,"fpts_04",73,"rank_04"
"J.J. Arcega-Whiteside",78,"ecr_04",0,"fpts_04",124,"rank_04"
"Jakeem Grant",79,"ecr_04",0.4,"fpts_04",105,"rank_04"
"James Washington",55,"ecr_04",0,"fpts_04",231,"rank_04"
"Jarius Wright",89,"ecr_04",5.9,"fpts_04",33,"rank_04"
"Jaron Brown",88,"ecr_04",5,"fpts_04",38,"rank_04"
"Jarvis Landry",45,"ecr_04",16.7,"fpts_04",7,"rank_04"
"John Brown",39,"ecr_04",6.9,"fpts_04",31,"rank_04"
"John Ross",40,"ecr_04",3.6,"fpts_04",51,"rank_04"
"Josh Gordon",24,"ecr_04",4.6,"fpts_04",46,"rank_04"
"JuJu Smith-Schuster",10,"ecr_04",1.5,"fpts_04",76,"rank_04"
"Julian Edelman",20,"ecr_04",3,"fpts_04",60,"rank_04"
"Julio Jones",1,"ecr_04",5.3,"fpts_04",36,"rank_04"
"Keenan Allen",2,"ecr_04",4.8,"fpts_04",40,"rank_04"
"KeeSean Johnson",66,"ecr_04",1.9,"fpts_04",69,"rank_04"
"Keke Coutee",77,"ecr_04",2.1,"fpts_04",67,"rank_04"
"Kenny Golladay",14,"ecr_04",18.7,"fpts_04",3,"rank_04"
"Kenny Stills",48,"ecr_04",2.4,"fpts_04",62,"rank_04"
"Larry Fitzgerald",18,"ecr_04",4.7,"fpts_04",43,"rank_04"
"Mack Hollins",68,"ecr_04",1.3,"fpts_04",85,"rank_04"
"Marqise Lee",96,"ecr_04",0.5,"fpts_04",104,"rank_04"
"Marquez Valdes-Scantling",34,"ecr_04",4.7,"fpts_04",42,"rank_04"
"Marquise Brown",16,"ecr_04",2.2,"fpts_04",65,"rank_04"
"Marvin Jones",28,"ecr_04",7.7,"fpts_04",25,"rank_04"
"Mecole Hardman",30,"ecr_04",-1.1,"fpts_04",402,"rank_04"
"Michael Thomas",11,"ecr_04",9.5,"fpts_04",21,"rank_04"
"Mike Evans",12,"ecr_04",14.9,"fpts_04",10,"rank_04"
"Mohamed Sanu",52,"ecr_04",9.1,"fpts_04",23,"rank_04"
"Nelson Agholor",44,"ecr_04",0,"fpts_04",399,"rank_04"
"Parris Campbell",60,"ecr_04",0.5,"fpts_04",103,"rank_04"
"Phillip Dorsett",46,"ecr_04",1.9,"fpts_04",70,"rank_04"
"Preston Williams",47,"ecr_04",4.6,"fpts_04",45,"rank_04"
"Randall Cobb",54,"ecr_04",4.1,"fpts_04",50,"rank_04"
"Robert Woods",17,"ecr_04",16.4,"fpts_04",8,"rank_04"
"Sammy Watkins",9,"ecr_04",3.4,"fpts_04",55,"rank_04"
"Stefon Diggs",36,"ecr_04",8.8,"fpts_04",24,"rank_04"
"Sterling Shepard",21,"ecr_04",9.9,"fpts_04",18,"rank_04"
"Ted Ginn",64,"ecr_04",1.9,"fpts_04",72,"rank_04"
"Trent Sherfield",104,"ecr_04",1.5,"fpts_04",77,"rank_04"
"Trey Quinn",53,"ecr_04",1,"fpts_04",89,"rank_04"
"Tyler Boyd",15,"ecr_04",3.3,"fpts_04",56,"rank_04"
"Tyler Lockett",7,"ecr_04",5.1,"fpts_04",37,"rank_04"
"Tyrell Williams",33,"ecr_04",9.6,"fpts_04",20,"rank_04"
"Will Fuller",35,"ecr_04",2.3,"fpts_04",63,"rank_04"
"Willie Snead",71,"ecr_04",12.1,"fpts_04",13,"rank_04"
"Zach Pascal",72,"ecr_04",7.2,"fpts_04",29,"rank_04"
"Zay Jones",74,"ecr_04",0.4,"fpts_04",106,"rank_04"
"A.J. Brown",56,"ecr_05",2.7,"fpts_05",63,"rank_05"
"Adam Humphries",71,"ecr_05",3,"fpts_05",57,"rank_05"
"Adam Thielen",11,"ecr_05",25,"fpts_05",5,"rank_05"
"Allen Robinson",20,"ecr_05",21.7,"fpts_05",7,"rank_05"
"Alshon Jeffery",19,"ecr_05",5.2,"fpts_05",40,"rank_05"
"Amari Cooper",8,"ecr_05",28.6,"fpts_05",3,"rank_05"
"Andy Isabella",86,"ecr_05",1.1,"fpts_05",85,"rank_05"
"Anthony Miller",67,"ecr_05",5.2,"fpts_05",41,"rank_05"
"Antonio Callaway",79,"ecr_05",0,"fpts_05",217,"rank_05"
"Auden Tate",42,"ecr_05",8.6,"fpts_05",25,"rank_05"
"Bobo Wilson",113,"ecr_05",1.1,"fpts_05",87,"rank_05"
"Brandin Cooks",15,"ecr_05",5.6,"fpts_05",38,"rank_05"
"Calvin Ridley",28,"ecr_05",14.8,"fpts_05",14,"rank_05"
"Chester Rogers",78,"ecr_05",0,"fpts_05",371,"rank_05"
"Chris Conley",63,"ecr_05",2.6,"fpts_05",64,"rank_05"
"Chris Godwin",7,"ecr_05",24.5,"fpts_05",6,"rank_05"
"Cole Beasley",48,"ecr_05",2.1,"fpts_05",69,"rank_05"
"Cooper Kupp",6,"ecr_05",17.7,"fpts_05",9,"rank_05"
"Cordarrelle Patterson",83,"ecr_05",0.5,"fpts_05",100,"rank_05"
"Corey Davis",51,"ecr_05",2.8,"fpts_05",59,"rank_05"
"Courtland Sutton",32,"ecr_05",15.2,"fpts_05",13,"rank_05"
"Curtis Samuel",30,"ecr_05",4.4,"fpts_05",49,"rank_05"
"D.J. Chark",37,"ecr_05",28.4,"fpts_05",4,"rank_05"
"D.J. Moore",31,"ecr_05",9.1,"fpts_05",22,"rank_05"
"D.K. Metcalf",40,"ecr_05",10.4,"fpts_05",18,"rank_05"
"DaeSean Hamilton",76,"ecr_05",0,"fpts_05",202,"rank_05"
"Damion Ratley",88,"ecr_05",0,"fpts_05",211,"rank_05"
"Damion Willis",94,"ecr_05",3.8,"fpts_05",53,"rank_05"
"Dante Pettis",60,"ecr_05",1.1,"fpts_05",86,"rank_05"
"Darius Slayton",85,"ecr_05",12.2,"fpts_05",16,"rank_05"
"David Moore",77,"ecr_05",7,"fpts_05",34,"rank_05"
"DeAndre Hopkins",1,"ecr_05",8.8,"fpts_05",24,"rank_05"
"Dede Westbrook",50,"ecr_05",8.2,"fpts_05",27,"rank_05"
"Deebo Samuel",54,"ecr_05",0.3,"fpts_05",103,"rank_05"
"Demarcus Robinson",34,"ecr_05",3.1,"fpts_05",56,"rank_05"
"Deon Cain",73,"ecr_05",0.7,"fpts_05",94,"rank_05"
"Devin Smith",84,"ecr_05",0,"fpts_05",393,"rank_05"
"Diontae Johnson",46,"ecr_05",2.7,"fpts_05",61,"rank_05"
"Emmanuel Sanders",29,"ecr_05",0.9,"fpts_05",90,"rank_05"
"Geronimo Allison",38,"ecr_05",2.8,"fpts_05",60,"rank_05"
"Golden Tate",45,"ecr_05",1.3,"fpts_05",78,"rank_05"
"Hunter Renfrow",70,"ecr_05",1.2,"fpts_05",83,"rank_05"
"James Washington",64,"ecr_05",5.2,"fpts_05",42,"rank_05"
"Jamison Crowder",53,"ecr_05",1,"fpts_05",88,"rank_05"
"Jarius Wright",82,"ecr_05",0.6,"fpts_05",96,"rank_05"
"Jaron Brown",80,"ecr_05",1.6,"fpts_05",76,"rank_05"
"Jarvis Landry",33,"ecr_05",7.5,"fpts_05",30,"rank_05"
"Javon Wims",72,"ecr_05",0,"fpts_05",204,"rank_05"
"John Brown",35,"ecr_05",7.5,"fpts_05",29,"rank_05"
"Josh Gordon",14,"ecr_05",5.9,"fpts_05",35,"rank_05"
"Josh Reynolds",97,"ecr_05",1.2,"fpts_05",80,"rank_05"
"JuJu Smith-Schuster",21,"ecr_05",11.5,"fpts_05",17,"rank_05"
"Julian Edelman",17,"ecr_05",17,"fpts_05",11,"rank_05"
"Julio Jones",2,"ecr_05",4.2,"fpts_05",52,"rank_05"
"Keenan Allen",3,"ecr_05",1.8,"fpts_05",73,"rank_05"
"KeeSean Johnson",55,"ecr_05",2.5,"fpts_05",65,"rank_05"
"Keke Coutee",61,"ecr_05",7.2,"fpts_05",33,"rank_05"
"Larry Fitzgerald",16,"ecr_05",5.8,"fpts_05",36,"rank_05"
"Marquez Valdes-Scantling",26,"ecr_05",1.8,"fpts_05",74,"rank_05"
"Marquise Brown",22,"ecr_05",8.2,"fpts_05",26,"rank_05"
"Marquise Goodwin",58,"ecr_05",5.6,"fpts_05",37,"rank_05"
"Mecole Hardman",36,"ecr_05",7.3,"fpts_05",32,"rank_05"
"Michael Gallup",52,"ecr_05",17.3,"fpts_05",10,"rank_05"
"Michael Thomas",5,"ecr_05",30.2,"fpts_05",2,"rank_05"
"Mike Evans",9,"ecr_05",0,"fpts_05",386,"rank_05"
"Mike Williams",43,"ecr_05",7.4,"fpts_05",31,"rank_05"
"Miles Boykin",75,"ecr_05",0,"fpts_05",143,"rank_05"
"Mohamed Sanu",47,"ecr_05",10.3,"fpts_05",19,"rank_05"
"Nelson Agholor",49,"ecr_05",2,"fpts_05",71,"rank_05"
"Phillip Dorsett",39,"ecr_05",0,"fpts_05",391,"rank_05"
"Randall Cobb",59,"ecr_05",5.3,"fpts_05",39,"rank_05"
"Richie James",90,"ecr_05",0,"fpts_05",207,"rank_05"
"Robby Anderson",41,"ecr_05",1.6,"fpts_05",75,"rank_05"
"Robert Woods",18,"ecr_05",4.8,"fpts_05",46,"rank_05"
"Sammy Watkins",13,"ecr_05",0,"fpts_05",387,"rank_05"
"Stefon Diggs",24,"ecr_05",4.4,"fpts_05",50,"rank_05"
"Sterling Shepard",27,"ecr_05",4.7,"fpts_05",48,"rank_05"
"T.Y. Hilton",23,"ecr_05",3.7,"fpts_05",54,"rank_05"
"Ted Ginn",62,"ecr_05",9.6,"fpts_05",21,"rank_05"
"Terry McLaurin",44,"ecr_05",5.1,"fpts_05",44,"rank_05"
"Trent Sherfield",69,"ecr_05",2.3,"fpts_05",67,"rank_05"
"Trey Quinn",66,"ecr_05",-0.2,"fpts_05",400,"rank_05"
"Tyler Boyd",12,"ecr_05",18.3,"fpts_05",8,"rank_05"
"Tyler Lockett",10,"ecr_05",10.3,"fpts_05",20,"rank_05"
"Will Fuller",25,"ecr_05",39.7,"fpts_05",1,"rank_05"
"Willie Snead",65,"ecr_05",5.1,"fpts_05",45,"rank_05"
"Zach Pascal",68,"ecr_05",2,"fpts_05",70,"rank_05"
"Zay Jones",81,"ecr_05",0,"fpts_05",182,"rank_05"
"A.J. Brown",50,"ecr_06",2.3,"fpts_06",64,"rank_06"
"Adam Humphries",67,"ecr_06",4.7,"fpts_06",40,"rank_06"
"Adam Thielen",9,"ecr_06",11.7,"fpts_06",12,"rank_06"
"Albert Wilson",60,"ecr_06",1.5,"fpts_06",77,"rank_06"
"Alshon Jeffery",29,"ecr_06",13.6,"fpts_06",9,"rank_06"
"Amari Cooper",7,"ecr_06",0.3,"fpts_06",95,"rank_06"
"Antonio Callaway",70,"ecr_06",2.2,"fpts_06",66,"rank_06"
"Auden Tate",45,"ecr_06",9.1,"fpts_06",19,"rank_06"
"Brandin Cooks",22,"ecr_06",3.2,"fpts_06",57,"rank_06"
"Byron Pringle",68,"ecr_06",2.4,"fpts_06",63,"rank_06"
"Calvin Ridley",23,"ecr_06",10.8,"fpts_06",15,"rank_06"
"Chris Conley",59,"ecr_06",0,"fpts_06",365,"rank_06"
"Chris Godwin",6,"ecr_06",15.1,"fpts_06",7,"rank_06"
"Cooper Kupp",3,"ecr_06",1.7,"fpts_06",72,"rank_06"
"Corey Davis",48,"ecr_06",3.6,"fpts_06",53,"rank_06"
"Courtland Sutton",27,"ecr_06",7.6,"fpts_06",25,"rank_06"
"Curtis Samuel",30,"ecr_06",19.8,"fpts_06",4,"rank_06"
"D.J. Chark",20,"ecr_06",4.3,"fpts_06",46,"rank_06"
"D.J. Moore",26,"ecr_06",8.6,"fpts_06",22,"rank_06"
"D.K. Metcalf",38,"ecr_06",7.3,"fpts_06",27,"rank_06"
"DaeSean Hamilton",76,"ecr_06",2.5,"fpts_06",62,"rank_06"
"Danny Amendola",69,"ecr_06",0.6,"fpts_06",89,"rank_06"
"Dante Pettis",64,"ecr_06",4.5,"fpts_06",42,"rank_06"
"Darius Slayton",55,"ecr_06",3.2,"fpts_06",58,"rank_06"
"David Moore",71,"ecr_06",3.6,"fpts_06",52,"rank_06"
"DeAndre Hopkins",2,"ecr_06",7.5,"fpts_06",26,"rank_06"
"Dede Westbrook",35,"ecr_06",5.3,"fpts_06",37,"rank_06"
"Deebo Samuel",53,"ecr_06",1.9,"fpts_06",67,"rank_06"
"Demarcus Robinson",40,"ecr_06",0,"fpts_06",373,"rank_06"
"Demaryius Thomas",63,"ecr_06",6.2,"fpts_06",32,"rank_06"
"DeVante Parker",52,"ecr_06",8.8,"fpts_06",21,"rank_06"
"Diontae Johnson",47,"ecr_06",1.4,"fpts_06",79,"rank_06"
"Emmanuel Sanders",36,"ecr_06",0,"fpts_06",354,"rank_06"
"Geronimo Allison",43,"ecr_06",4,"fpts_06",48,"rank_06"
"Golden Tate",46,"ecr_06",16.2,"fpts_06",6,"rank_06"
"Jake Kumerow",77,"ecr_06",1.7,"fpts_06",71,"rank_06"
"Jakobi Meyers",66,"ecr_06",5.4,"fpts_06",36,"rank_06"
"Jamison Crowder",44,"ecr_06",9.8,"fpts_06",18,"rank_06"
"Jarius Wright",79,"ecr_06",0.6,"fpts_06",90,"rank_06"
"Jaron Brown",75,"ecr_06",14.9,"fpts_06",8,"rank_06"
"Jarvis Landry",31,"ecr_06",3.6,"fpts_06",54,"rank_06"
"Josh Gordon",18,"ecr_06",0.7,"fpts_06",87,"rank_06"
"JuJu Smith-Schuster",28,"ecr_06",0.7,"fpts_06",88,"rank_06"
"Julian Edelman",13,"ecr_06",11.3,"fpts_06",14,"rank_06"
"Julio Jones",1,"ecr_06",10.8,"fpts_06",16,"rank_06"
"Keenan Allen",4,"ecr_06",3.3,"fpts_06",56,"rank_06"
"KeeSean Johnson",51,"ecr_06",1.4,"fpts_06",80,"rank_06"
"Keke Coutee",58,"ecr_06",3.9,"fpts_06",50,"rank_06"
"Kenny Golladay",15,"ecr_06",12.1,"fpts_06",11,"rank_06"
"Larry Fitzgerald",16,"ecr_06",6.9,"fpts_06",29,"rank_06"
"Mack Hollins",73,"ecr_06",0,"fpts_06",190,"rank_06"
"Marquez Valdes-Scantling",34,"ecr_06",5.7,"fpts_06",35,"rank_06"
"Marquise Goodwin",49,"ecr_06",1.5,"fpts_06",76,"rank_06"
"Marvin Jones",33,"ecr_06",1.7,"fpts_06",73,"rank_06"
"Mecole Hardman",42,"ecr_06",4.5,"fpts_06",43,"rank_06"
"Michael Gallup",24,"ecr_06",4.8,"fpts_06",38,"rank_06"
"Michael Thomas",5,"ecr_06",8.9,"fpts_06",20,"rank_06"
"Mike Evans",12,"ecr_06",11.6,"fpts_06",13,"rank_06"
"Mike Williams",32,"ecr_06",7.2,"fpts_06",28,"rank_06"
"Miles Boykin",65,"ecr_06",2.8,"fpts_06",61,"rank_06"
"Mohamed Sanu",39,"ecr_06",2.9,"fpts_06",60,"rank_06"
"Nelson Agholor",57,"ecr_06",4.2,"fpts_06",47,"rank_06"
"Preston Williams",41,"ecr_06",3.1,"fpts_06",59,"rank_06"
"Robby Anderson",37,"ecr_06",18.5,"fpts_06",5,"rank_06"
"Robert Woods",19,"ecr_06",7.6,"fpts_06",24,"rank_06"
"Stefon Diggs",25,"ecr_06",36.5,"fpts_06",1,"rank_06"
"Ted Ginn",62,"ecr_06",4.8,"fpts_06",39,"rank_06"
"Terry McLaurin",21,"ecr_06",22,"fpts_06",2,"rank_06"
"Trent Sherfield",72,"ecr_06",3.8,"fpts_06",51,"rank_06"
"Trey Quinn",61,"ecr_06",0.8,"fpts_06",86,"rank_06"
"Tyler Boyd",14,"ecr_06",1,"fpts_06",84,"rank_06"
"Tyler Lockett",10,"ecr_06",7.8,"fpts_06",23,"rank_06"
"Tyreek Hill",11,"ecr_06",20,"fpts_06",3,"rank_06"
"Will Fuller",17,"ecr_06",4.4,"fpts_06",44,"rank_06"
"Willie Snead",56,"ecr_06",1.8,"fpts_06",70,"rank_06"
"A.J. Brown",45,"ecr_07",6.2,"fpts_07",39,"rank_07"
"Adam Humphries",58,"ecr_07",4,"fpts_07",58,"rank_07"
"Adam Thielen",9,"ecr_07",8.5,"fpts_07",28,"rank_07"
"Albert Wilson",68,"ecr_07",2.2,"fpts_07",79,"rank_07"
"Alex Erickson",76,"ecr_07",13.5,"fpts_07",9,"rank_07"
"Allen Lazard",53,"ecr_07",4.2,"fpts_07",56,"rank_07"
"Allen Robinson",25,"ecr_07",14.7,"fpts_07",5,"rank_07"
"Alshon Jeffery",22,"ecr_07",3.8,"fpts_07",59,"rank_07"
"Amari Cooper",20,"ecr_07",10.6,"fpts_07",17,"rank_07"
"Anthony Miller",59,"ecr_07",4.3,"fpts_07",54,"rank_07"
"Auden Tate",34,"ecr_07",6.5,"fpts_07",38,"rank_07"
"Brandin Cooks",13,"ecr_07",5.9,"fpts_07",45,"rank_07"
"Byron Pringle",62,"ecr_07",0,"fpts_07",214,"rank_07"
"Calvin Ridley",23,"ecr_07",3,"fpts_07",68,"rank_07"
"Chester Rogers",95,"ecr_07",2.4,"fpts_07",75,"rank_07"
"Chris Conley",57,"ecr_07",10.3,"fpts_07",21,"rank_07"
"Cody Latimer",82,"ecr_07",3.3,"fpts_07",66,"rank_07"
"Cole Beasley",46,"ecr_07",7.6,"fpts_07",33,"rank_07"
"Cooper Kupp",2,"ecr_07",5,"fpts_07",49,"rank_07"
"Corey Davis",43,"ecr_07",14,"fpts_07",8,"rank_07"
"Courtland Sutton",16,"ecr_07",8.7,"fpts_07",26,"rank_07"
"D.J. Chark",15,"ecr_07",7.3,"fpts_07",34,"rank_07"
"D.K. Metcalf",27,"ecr_07",3.3,"fpts_07",65,"rank_07"
"DaeSean Hamilton",75,"ecr_07",0.4,"fpts_07",97,"rank_07"
"Damiere Byrd",67,"ecr_07",0.4,"fpts_07",95,"rank_07"
"Danny Amendola",74,"ecr_07",10.5,"fpts_07",19,"rank_07"
"Dante Pettis",36,"ecr_07",0,"fpts_07",210,"rank_07"
"Darius Slayton",42,"ecr_07",2.8,"fpts_07",72,"rank_07"
"Darrius Shepherd",111,"ecr_07",0,"fpts_07",278,"rank_07"
"David Moore",80,"ecr_07",1.4,"fpts_07",82,"rank_07"
"DeAndre Hopkins",3,"ecr_07",16.6,"fpts_07",4,"rank_07"
"Dede Westbrook",31,"ecr_07",11.7,"fpts_07",14,"rank_07"
"Demarcus Robinson",40,"ecr_07",3.1,"fpts_07",67,"rank_07"
"Demaryius Thomas",55,"ecr_07",4.2,"fpts_07",55,"rank_07"
"Deon Cain",86,"ecr_07",0,"fpts_07",219,"rank_07"
"DeVante Parker",50,"ecr_07",11.5,"fpts_07",15,"rank_07"
"Duke Williams",52,"ecr_07",2.3,"fpts_07",78,"rank_07"
"Emmanuel Sanders",32,"ecr_07",6,"fpts_07",43,"rank_07"
"Geronimo Allison",60,"ecr_07",3.3,"fpts_07",64,"rank_07"
"Golden Tate",29,"ecr_07",8,"fpts_07",31,"rank_07"
"Hunter Renfrow",69,"ecr_07",1.4,"fpts_07",83,"rank_07"
"Jake Kumerow",72,"ecr_07",11.4,"fpts_07",16,"rank_07"
"Jakobi Meyers",47,"ecr_07",4.7,"fpts_07",52,"rank_07"
"Jamison Crowder",35,"ecr_07",2.6,"fpts_07",73,"rank_07"
"Jaron Brown",63,"ecr_07",6,"fpts_07",44,"rank_07"
"John Brown",21,"ecr_07",14.3,"fpts_07",6,"rank_07"
"Julian Edelman",10,"ecr_07",6.7,"fpts_07",36,"rank_07"
"Julio Jones",1,"ecr_07",9.3,"fpts_07",23,"rank_07"
"Keenan Allen",7,"ecr_07",6.1,"fpts_07",42,"rank_07"
"KeeSean Johnson",51,"ecr_07",0.6,"fpts_07",90,"rank_07"
"Keke Coutee",61,"ecr_07",8.9,"fpts_07",24,"rank_07"
"Kenny Golladay",14,"ecr_07",2.1,"fpts_07",80,"rank_07"
"Kenny Stills",65,"ecr_07",10.5,"fpts_07",20,"rank_07"
"Larry Fitzgerald",18,"ecr_07",1.2,"fpts_07",84,"rank_07"
"Mack Hollins",83,"ecr_07",0,"fpts_07",198,"rank_07"
"Marquez Valdes-Scantling",38,"ecr_07",19.3,"fpts_07",3,"rank_07"
"Marquise Goodwin",44,"ecr_07",0,"fpts_07",339,"rank_07"
"Marvin Jones",30,"ecr_07",33.3,"fpts_07",1,"rank_07"
"Mecole Hardman",41,"ecr_07",8.8,"fpts_07",25,"rank_07"
"Michael Gallup",12,"ecr_07",3.4,"fpts_07",63,"rank_07"
"Michael Thomas",5,"ecr_07",13.1,"fpts_07",12,"rank_07"
"Mike Williams",26,"ecr_07",4.7,"fpts_07",53,"rank_07"
"Miles Boykin",66,"ecr_07",5.5,"fpts_07",46,"rank_07"
"Mohamed Sanu",39,"ecr_07",0.3,"fpts_07",98,"rank_07"
"Nelson Agholor",49,"ecr_07",2.4,"fpts_07",77,"rank_07"
"Olabisi Johnson",88,"ecr_07",10,"fpts_07",22,"rank_07"
"Phillip Dorsett",37,"ecr_07",10.6,"fpts_07",18,"rank_07"
"Preston Williams",48,"ecr_07",6.2,"fpts_07",41,"rank_07"
"Robby Anderson",33,"ecr_07",1,"fpts_07",87,"rank_07"
"Robert Woods",11,"ecr_07",8.6,"fpts_07",27,"rank_07"
"Seth Roberts",84,"ecr_07",0.9,"fpts_07",88,"rank_07"
"Stefon Diggs",24,"ecr_07",14.3,"fpts_07",7,"rank_07"
"T.Y. Hilton",6,"ecr_07",13.4,"fpts_07",10,"rank_07"
"Tavon Austin",77,"ecr_07",8,"fpts_07",30,"rank_07"
"Taylor Gabriel",70,"ecr_07",0.6,"fpts_07",91,"rank_07"
"Ted Ginn",54,"ecr_07",4.8,"fpts_07",50,"rank_07"
"Terry McLaurin",28,"ecr_07",1.1,"fpts_07",85,"rank_07"
"Trent Sherfield",79,"ecr_07",0.4,"fpts_07",96,"rank_07"
"Trevor Davis",73,"ecr_07",2.6,"fpts_07",74,"rank_07"
"Trey Quinn",71,"ecr_07",3,"fpts_07",69,"rank_07"
"Tyler Boyd",19,"ecr_07",3.5,"fpts_07",62,"rank_07"
"Tyler Lockett",8,"ecr_07",11.8,"fpts_07",13,"rank_07"
"Tyreek Hill",4,"ecr_07",13.4,"fpts_07",11,"rank_07"
"Will Fuller",17,"ecr_07",0.6,"fpts_07",92,"rank_07"
"Willie Snead",56,"ecr_07",0.2,"fpts_07",100,"rank_07"
"Zach Pascal",81,"ecr_07",22.6,"fpts_07",2,"rank_07"
"A.J. Brown",39,"ecr_08",7.1,"fpts_08",34,"rank_08"
"Adam Humphries",68,"ecr_08",2.4,"fpts_08",70,"rank_08"
"Albert Wilson",74,"ecr_08",6.5,"fpts_08",40,"rank_08"
"Alex Erickson",57,"ecr_08",9.7,"fpts_08",24,"rank_08"
"Allen Hurns",101,"ecr_08",7.2,"fpts_08",32,"rank_08"
"Allen Lazard",64,"ecr_08",4.2,"fpts_08",59,"rank_08"
"Allen Robinson",14,"ecr_08",6.2,"fpts_08",44,"rank_08"
"Alshon Jeffery",30,"ecr_08",6.4,"fpts_08",41,"rank_08"
"Anthony Miller",61,"ecr_08",6.7,"fpts_08",37,"rank_08"
"Auden Tate",46,"ecr_08",6.5,"fpts_08",38,"rank_08"
"Brandin Cooks",23,"ecr_08",0,"fpts_08",393,"rank_08"
"Calvin Ridley",28,"ecr_08",9,"fpts_08",26,"rank_08"
"Chris Conley",67,"ecr_08",16.3,"fpts_08",6,"rank_08"
"Chris Godwin",2,"ecr_08",6.3,"fpts_08",42,"rank_08"
"Christian Kirk",51,"ecr_08",9.8,"fpts_08",23,"rank_08"
"Cody Latimer",88,"ecr_08",2.8,"fpts_08",66,"rank_08"
"Cole Beasley",54,"ecr_08",10.1,"fpts_08",21,"rank_08"
"Cooper Kupp",5,"ecr_08",28,"fpts_08",2,"rank_08"
"Corey Davis",32,"ecr_08",0.9,"fpts_08",91,"rank_08"
"Courtland Sutton",13,"ecr_08",7.2,"fpts_08",33,"rank_08"
"Curtis Samuel",37,"ecr_08",4.6,"fpts_08",53,"rank_08"
"D.J. Chark",15,"ecr_08",13.9,"fpts_08",13,"rank_08"
"D.J. Moore",33,"ecr_08",3.8,"fpts_08",63,"rank_08"
"D.K. Metcalf",22,"ecr_08",13.3,"fpts_08",14,"rank_08"
"DaeSean Hamilton",58,"ecr_08",0,"fpts_08",206,"rank_08"
"Damiere Byrd",75,"ecr_08",1.8,"fpts_08",81,"rank_08"
"Danny Amendola",62,"ecr_08",9.5,"fpts_08",25,"rank_08"
"Dante Pettis",65,"ecr_08",0.5,"fpts_08",102,"rank_08"
"Darius Slayton",56,"ecr_08",17,"fpts_08",5,"rank_08"
"DeAndre Hopkins",1,"ecr_08",10.9,"fpts_08",18,"rank_08"
"Dede Westbrook",34,"ecr_08",0,"fpts_08",188,"rank_08"
"Demarcus Robinson",72,"ecr_08",0.6,"fpts_08",99,"rank_08"
"Demaryius Thomas",55,"ecr_08",6.3,"fpts_08",43,"rank_08"
"DeVante Parker",45,"ecr_08",5.9,"fpts_08",45,"rank_08"
"Diontae Johnson",47,"ecr_08",14.4,"fpts_08",12,"rank_08"
"Duke Williams",71,"ecr_08",0.6,"fpts_08",98,"rank_08"
"Emmanuel Sanders",43,"ecr_08",8.5,"fpts_08",27,"rank_08"
"Geronimo Allison",50,"ecr_08",0.7,"fpts_08",97,"rank_08"
"Golden Tate",26,"ecr_08",8.5,"fpts_08",28,"rank_08"
"Jake Kumerow",81,"ecr_08",4.8,"fpts_08",52,"rank_08"
"Jakobi Meyers",69,"ecr_08",0.5,"fpts_08",103,"rank_08"
"James Washington",78,"ecr_08",2.1,"fpts_08",78,"rank_08"
"Jamison Crowder",41,"ecr_08",2.4,"fpts_08",71,"rank_08"
"Jarius Wright",99,"ecr_08",1.2,"fpts_08",89,"rank_08"
"Jaron Brown",66,"ecr_08",0,"fpts_08",349,"rank_08"
"Jarvis Landry",40,"ecr_08",6.5,"fpts_08",39,"rank_08"
"John Brown",19,"ecr_08",5.4,"fpts_08",48,"rank_08"
"JuJu Smith-Schuster",16,"ecr_08",16.3,"fpts_08",7,"rank_08"
"Julian Edelman",11,"ecr_08",19.5,"fpts_08",4,"rank_08"
"Julio Jones",10,"ecr_08",15.2,"fpts_08",9,"rank_08"
"Keelan Doss",86,"ecr_08",0,"fpts_08",164,"rank_08"
"Keenan Allen",36,"ecr_08",5.3,"fpts_08",50,"rank_08"
"Keke Coutee",49,"ecr_08",0,"fpts_08",210,"rank_08"
"Kenny Golladay",6,"ecr_08",22.3,"fpts_08",3,"rank_08"
"Kenny Stills",21,"ecr_08",2.2,"fpts_08",76,"rank_08"
"Larry Fitzgerald",27,"ecr_08",0.8,"fpts_08",95,"rank_08"
"Marquez Valdes-Scantling",35,"ecr_08",0.4,"fpts_08",104,"rank_08"
"Marvin Jones",17,"ecr_08",2.2,"fpts_08",77,"rank_08"
"Mecole Hardman",60,"ecr_08",11.5,"fpts_08",17,"rank_08"
"Michael Thomas",4,"ecr_08",16.3,"fpts_08",8,"rank_08"
"Mike Evans",9,"ecr_08",31.8,"fpts_08",1,"rank_08"
"Mike Williams",25,"ecr_08",6.9,"fpts_08",35,"rank_08"
"Mohamed Sanu",59,"ecr_08",2.3,"fpts_08",72,"rank_08"
"Nelson Agholor",70,"ecr_08",1.4,"fpts_08",85,"rank_08"
"Olabisi Johnson",48,"ecr_08",2.7,"fpts_08",67,"rank_08"
"Phillip Dorsett",42,"ecr_08",4.3,"fpts_08",56,"rank_08"
"Preston Williams",44,"ecr_08",4.2,"fpts_08",60,"rank_08"
"Robby Anderson",31,"ecr_08",4.3,"fpts_08",57,"rank_08"
"Robert Woods",20,"ecr_08",4.2,"fpts_08",61,"rank_08"
"Sammy Watkins",52,"ecr_08",4.5,"fpts_08",55,"rank_08"
"Stefon Diggs",8,"ecr_08",12.3,"fpts_08",16,"rank_08"
"T.Y. Hilton",12,"ecr_08",5.4,"fpts_08",47,"rank_08"
"Taylor Gabriel",73,"ecr_08",5.3,"fpts_08",49,"rank_08"
"Ted Ginn",53,"ecr_08",4.2,"fpts_08",58,"rank_08"
"Terry McLaurin",24,"ecr_08",3.9,"fpts_08",62,"rank_08"
"Trevor Davis",85,"ecr_08",1.4,"fpts_08",86,"rank_08"
"Trey Quinn",76,"ecr_08",1.5,"fpts_08",84,"rank_08"
"Tyler Boyd",29,"ecr_08",6.8,"fpts_08",36,"rank_08"
"Tyler Lockett",3,"ecr_08",10,"fpts_08",22,"rank_08"
"Tyreek Hill",7,"ecr_08",8.1,"fpts_08",29,"rank_08"
"Tyrell Williams",38,"ecr_08",15.1,"fpts_08",10,"rank_08"
"Zach Pascal",63,"ecr_08",0.6,"fpts_08",101,"rank_08"
"A.J. Brown",43,"ecr_09",8.1,"fpts_09",26,"rank_09"
"Adam Humphries",53,"ecr_09",6.5,"fpts_09",38,"rank_09"
"Adam Thielen",15,"ecr_09",0,"fpts_09",396,"rank_09"
"Albert Wilson",69,"ecr_09",0.3,"fpts_09",94,"rank_09"
"Allen Hurns",94,"ecr_09",1.6,"fpts_09",73,"rank_09"
"Allen Lazard",54,"ecr_09",4.4,"fpts_09",49,"rank_09"
"Allen Robinson",11,"ecr_09",0.6,"fpts_09",89,"rank_09"
"Alshon Jeffery",26,"ecr_09",3.6,"fpts_09",56,"rank_09"
"Amari Cooper",3,"ecr_09",14,"fpts_09",12,"rank_09"
"Anthony Miller",51,"ecr_09",0,"fpts_09",211,"rank_09"
"Antonio Callaway",79,"ecr_09",5.6,"fpts_09",44,"rank_09"
"Chester Rogers",71,"ecr_09",6.2,"fpts_09",41,"rank_09"
"Chris Conley",34,"ecr_09",3.2,"fpts_09",61,"rank_09"
"Chris Godwin",2,"ecr_09",6.9,"fpts_09",32,"rank_09"
"Christian Kirk",30,"ecr_09",1.6,"fpts_09",75,"rank_09"
"Cody Latimer",95,"ecr_09",6.8,"fpts_09",36,"rank_09"
"Cole Beasley",49,"ecr_09",7.3,"fpts_09",31,"rank_09"
"Corey Davis",41,"ecr_09",4.8,"fpts_09",47,"rank_09"
"Courtland Sutton",22,"ecr_09",12.3,"fpts_09",15,"rank_09"
"Curtis Samuel",29,"ecr_09",13.4,"fpts_09",14,"rank_09"
"D.J. Chark",9,"ecr_09",3.2,"fpts_09",60,"rank_09"
"D.J. Moore",25,"ecr_09",10.1,"fpts_09",22,"rank_09"
"D.K. Metcalf",21,"ecr_09",21,"fpts_09",3,"rank_09"
"DaeSean Hamilton",65,"ecr_09",0,"fpts_09",217,"rank_09"
"Damiere Byrd",96,"ecr_09",0,"fpts_09",370,"rank_09"
"Danny Amendola",48,"ecr_09",2.9,"fpts_09",63,"rank_09"
"Dante Pettis",60,"ecr_09",8.1,"fpts_09",27,"rank_09"
"Darius Slayton",47,"ecr_09",0.6,"fpts_09",88,"rank_09"
"Davante Adams",13,"ecr_09",4.1,"fpts_09",51,"rank_09"
"David Moore",63,"ecr_09",1.8,"fpts_09",72,"rank_09"
"DeAndre Hopkins",1,"ecr_09",11.4,"fpts_09",18,"rank_09"
"Deebo Samuel",52,"ecr_09",4,"fpts_09",52,"rank_09"
"Demaryius Thomas",44,"ecr_09",1.9,"fpts_09",70,"rank_09"
"DeVante Parker",37,"ecr_09",11.7,"fpts_09",16,"rank_09"
"Diontae Johnson",39,"ecr_09",0.5,"fpts_09",91,"rank_09"
"Emmanuel Sanders",33,"ecr_09",17.2,"fpts_09",8,"rank_09"
"Fred Brown",80,"ecr_09",0,"fpts_09",174,"rank_09"
"Geronimo Allison",56,"ecr_09",2.1,"fpts_09",67,"rank_09"
"Golden Tate",28,"ecr_09",5.8,"fpts_09",43,"rank_09"
"Hunter Renfrow",59,"ecr_09",11.4,"fpts_09",17,"rank_09"
"Jake Kumerow",82,"ecr_09",0,"fpts_09",369,"rank_09"
"Jakobi Meyers",77,"ecr_09",0,"fpts_09",160,"rank_09"
"James Washington",66,"ecr_09",6.9,"fpts_09",33,"rank_09"
"Jamison Crowder",35,"ecr_09",14.3,"fpts_09",10,"rank_09"
"Jarius Wright",87,"ecr_09",-0.7,"fpts_09",397,"rank_09"
"Jaron Brown",61,"ecr_09",0,"fpts_09",340,"rank_09"
"Jarvis Landry",31,"ecr_09",11.1,"fpts_09",20,"rank_09"
"John Brown",14,"ecr_09",7.6,"fpts_09",30,"rank_09"
"JuJu Smith-Schuster",16,"ecr_09",1.6,"fpts_09",76,"rank_09"
"Julian Edelman",8,"ecr_09",6.9,"fpts_09",35,"rank_09"
"Keelan Cole",78,"ecr_09",8,"fpts_09",28,"rank_09"
"Keenan Allen",12,"ecr_09",4,"fpts_09",53,"rank_09"
"Keke Coutee",75,"ecr_09",0,"fpts_09",215,"rank_09"
"Kenny Golladay",6,"ecr_09",19.2,"fpts_09",5,"rank_09"
"Kenny Stills",27,"ecr_09",5.2,"fpts_09",45,"rank_09"
"Larry Fitzgerald",38,"ecr_09",3.8,"fpts_09",55,"rank_09"
"Marquez Valdes-Scantling",46,"ecr_09",0,"fpts_09",201,"rank_09"
"Marquise Brown",40,"ecr_09",4.8,"fpts_09",48,"rank_09"
"Marvin Jones",18,"ecr_09",18.6,"fpts_09",7,"rank_09"
"Mecole Hardman",58,"ecr_09",-1.3,"fpts_09",398,"rank_09"
"Michael Gallup",19,"ecr_09",9.3,"fpts_09",23,"rank_09"
"Mike Evans",5,"ecr_09",24,"fpts_09",2,"rank_09"
"Mike Williams",23,"ecr_09",11.3,"fpts_09",19,"rank_09"
"Miles Boykin",76,"ecr_09",0,"fpts_09",161,"rank_09"
"Mohamed Sanu",50,"ecr_09",14.1,"fpts_09",11,"rank_09"
"Nelson Agholor",62,"ecr_09",2.1,"fpts_09",68,"rank_09"
"Olabisi Johnson",70,"ecr_09",6.4,"fpts_09",39,"rank_09"
"Parris Campbell",74,"ecr_09",8,"fpts_09",29,"rank_09"
"Phillip Dorsett",42,"ecr_09",1.3,"fpts_09",80,"rank_09"
"Randall Cobb",55,"ecr_09",1.5,"fpts_09",78,"rank_09"
"Robby Anderson",24,"ecr_09",3.3,"fpts_09",59,"rank_09"
"Sammy Watkins",36,"ecr_09",6.3,"fpts_09",40,"rank_09"
"Stefon Diggs",10,"ecr_09",1.6,"fpts_09",74,"rank_09"
"Tavon Austin",92,"ecr_09",0,"fpts_09",339,"rank_09"
"Taylor Gabriel",57,"ecr_09",6.9,"fpts_09",34,"rank_09"
"Terry McLaurin",32,"ecr_09",3.9,"fpts_09",54,"rank_09"
"Trevor Davis",88,"ecr_09",0,"fpts_09",386,"rank_09"
"Trey Quinn",73,"ecr_09",0.9,"fpts_09",84,"rank_09"
"Tyler Lockett",4,"ecr_09",27.2,"fpts_09",1,"rank_09"
"Tyreek Hill",7,"ecr_09",20.5,"fpts_09",4,"rank_09"
"Tyrell Williams",20,"ecr_09",4.8,"fpts_09",46,"rank_09"
"Willie Snead",68,"ecr_09",1.5,"fpts_09",79,"rank_09"
"Zach Pascal",45,"ecr_09",13.6,"fpts_09",13,"rank_09"
"Zay Jones",72,"ecr_09",2.4,"fpts_09",64,"rank_09"
"A.J. Brown",35,"ecr_10",1.7,"fpts_10",70,"rank_10"
"Adam Humphries",48,"ecr_10",8.3,"fpts_10",25,"rank_10"
"Albert Wilson",60,"ecr_10",0,"fpts_10",391,"rank_10"
"Alex Erickson",59,"ecr_10",1.3,"fpts_10",75,"rank_10"
"Allen Hurns",66,"ecr_10",3.2,"fpts_10",53,"rank_10"
"Allen Lazard",61,"ecr_10",2.7,"fpts_10",58,"rank_10"
"Allen Robinson",12,"ecr_10",8.6,"fpts_10",22,"rank_10"
"Amari Cooper",8,"ecr_10",20.7,"fpts_10",4,"rank_10"
"Andy Isabella",81,"ecr_10",7.8,"fpts_10",28,"rank_10"
"Anthony Miller",56,"ecr_10",0.7,"fpts_10",84,"rank_10"
"Auden Tate",43,"ecr_10",3.6,"fpts_10",49,"rank_10"
"Breshad Perriman",73,"ecr_10",1.7,"fpts_10",71,"rank_10"
"Calvin Ridley",22,"ecr_10",4.7,"fpts_10",46,"rank_10"
"Chester Rogers",47,"ecr_10",3.1,"fpts_10",54,"rank_10"
"Chris Godwin",2,"ecr_10",7.4,"fpts_10",31,"rank_10"
"Christian Kirk",17,"ecr_10",31.8,"fpts_10",1,"rank_10"
"Cody Latimer",72,"ecr_10",0,"fpts_10",390,"rank_10"
"Cole Beasley",45,"ecr_10",7.4,"fpts_10",32,"rank_10"
"Cooper Kupp",5,"ecr_10",0,"fpts_10",224,"rank_10"
"Curtis Samuel",26,"ecr_10",9.5,"fpts_10",21,"rank_10"
"D.J. Moore",18,"ecr_10",12,"fpts_10",15,"rank_10"
"D.K. Metcalf",33,"ecr_10",5,"fpts_10",43,"rank_10"
"Danny Amendola",54,"ecr_10",2.9,"fpts_10",56,"rank_10"
"Dante Pettis",64,"ecr_10",0,"fpts_10",216,"rank_10"
"Darius Slayton",41,"ecr_10",24.1,"fpts_10",2,"rank_10"
"Davante Adams",7,"ecr_10",11.8,"fpts_10",16,"rank_10"
"David Moore",79,"ecr_10",0,"fpts_10",185,"rank_10"
"Deebo Samuel",44,"ecr_10",11.2,"fpts_10",18,"rank_10"
"Demarcus Robinson",68,"ecr_10",5.6,"fpts_10",39,"rank_10"
"Demaryius Thomas",46,"ecr_10",8.4,"fpts_10",24,"rank_10"
"DeVante Parker",31,"ecr_10",6.9,"fpts_10",34,"rank_10"
"Diontae Johnson",42,"ecr_10",6.4,"fpts_10",36,"rank_10"
"Emmanuel Sanders",15,"ecr_10",2.4,"fpts_10",63,"rank_10"
"Geronimo Allison",63,"ecr_10",0.6,"fpts_10",85,"rank_10"
"Golden Tate",20,"ecr_10",19.5,"fpts_10",5,"rank_10"
"Hunter Renfrow",49,"ecr_10",4.2,"fpts_10",48,"rank_10"
"Jakeem Grant",67,"ecr_10",1.5,"fpts_10",73,"rank_10"
"James Washington",57,"ecr_10",13,"fpts_10",12,"rank_10"
"Jamison Crowder",34,"ecr_10",14.1,"fpts_10",9,"rank_10"
"Jarius Wright",84,"ecr_10",2.1,"fpts_10",66,"rank_10"
"Jarvis Landry",37,"ecr_10",15.7,"fpts_10",7,"rank_10"
"John Brown",14,"ecr_10",7.7,"fpts_10",30,"rank_10"
"Josh Gordon",55,"ecr_10",2.7,"fpts_10",59,"rank_10"
"Josh Reynolds",39,"ecr_10",4.9,"fpts_10",44,"rank_10"
"JuJu Smith-Schuster",24,"ecr_10",4.4,"fpts_10",47,"rank_10"
"Julio Jones",6,"ecr_10",7.9,"fpts_10",27,"rank_10"
"Keenan Allen",11,"ecr_10",8.6,"fpts_10",23,"rank_10"
"KeeSean Johnson",71,"ecr_10",0,"fpts_10",144,"rank_10"
"Kendrick Bourne",86,"ecr_10",12.2,"fpts_10",14,"rank_10"
"Kenny Golladay",19,"ecr_10",11.7,"fpts_10",17,"rank_10"
"Laquon Treadwell",77,"ecr_10",1,"fpts_10",78,"rank_10"
"Larry Fitzgerald",38,"ecr_10",7.1,"fpts_10",33,"rank_10"
"Marquez Valdes-Scantling",50,"ecr_10",0,"fpts_10",191,"rank_10"
"Marquise Brown",28,"ecr_10",14,"fpts_10",10,"rank_10"
"Marvin Jones",30,"ecr_10",7.7,"fpts_10",29,"rank_10"
"Mecole Hardman",62,"ecr_10",12.3,"fpts_10",13,"rank_10"
"Michael Gallup",21,"ecr_10",13.6,"fpts_10",11,"rank_10"
"Michael Thomas",3,"ecr_10",15.2,"fpts_10",8,"rank_10"
"Mike Evans",4,"ecr_10",8.2,"fpts_10",26,"rank_10"
"Mike Williams",16,"ecr_10",5.5,"fpts_10",40,"rank_10"
"Miles Boykin",75,"ecr_10",0,"fpts_10",147,"rank_10"
"Olabisi Johnson",53,"ecr_10",2.5,"fpts_10",61,"rank_10"
"Randall Cobb",58,"ecr_10",16.6,"fpts_10",6,"rank_10"
"Robby Anderson",32,"ecr_10",1.1,"fpts_10",77,"rank_10"
"Robert Woods",23,"ecr_10",9.5,"fpts_10",20,"rank_10"
"Russell Gage",52,"ecr_10",2.3,"fpts_10",65,"rank_10"
"Sammy Watkins",25,"ecr_10",5.1,"fpts_10",42,"rank_10"
"Seth Roberts",92,"ecr_10",0,"fpts_10",397,"rank_10"
"Stefon Diggs",10,"ecr_10",4.9,"fpts_10",45,"rank_10"
"Tajae Sharpe",69,"ecr_10",2,"fpts_10",67,"rank_10"
"Tavon Austin",90,"ecr_10",0.7,"fpts_10",82,"rank_10"
"Taylor Gabriel",51,"ecr_10",9.8,"fpts_10",19,"rank_10"
"Ted Ginn",40,"ecr_10",0.5,"fpts_10",86,"rank_10"
"Tre'Quan Smith",74,"ecr_10",1.3,"fpts_10",74,"rank_10"
"Tyler Boyd",36,"ecr_10",6.2,"fpts_10",37,"rank_10"
"Tyler Lockett",9,"ecr_10",2.9,"fpts_10",57,"rank_10"
"Tyreek Hill",1,"ecr_10",22,"fpts_10",3,"rank_10"
"Tyrell Williams",27,"ecr_10",2.5,"fpts_10",62,"rank_10"
"Willie Snead",70,"ecr_10",1.2,"fpts_10",76,"rank_10"
"Zach Pascal",29,"ecr_10",2.6,"fpts_10",60,"rank_10"
"Zay Jones",65,"ecr_10",1,"fpts_10",79,"rank_10"
"Albert Wilson",66,"ecr_11",2.6,"fpts_11",66,"rank_11"
"Alex Erickson",63,"ecr_11",0,"fpts_11",383,"rank_11"
"Allen Hurns",61,"ecr_11",3.3,"fpts_11",58,"rank_11"
"Allen Robinson",19,"ecr_11",1.5,"fpts_11",80,"rank_11"
"Amari Cooper",6,"ecr_11",3.8,"fpts_11",53,"rank_11"
"Andy Isabella",69,"ecr_11",0.6,"fpts_11",92,"rank_11"
"Anthony Miller",64,"ecr_11",5.4,"fpts_11",41,"rank_11"
"Auden Tate",41,"ecr_11",5.6,"fpts_11",40,"rank_11"
"Breshad Perriman",77,"ecr_11",2,"fpts_11",74,"rank_11"
"Calvin Ridley",23,"ecr_11",20.3,"fpts_11",3,"rank_11"
"Chester Rogers",57,"ecr_11",2.9,"fpts_11",64,"rank_11"
"Chris Conley",53,"ecr_11",5.8,"fpts_11",37,"rank_11"
"Chris Godwin",7,"ecr_11",10.7,"fpts_11",15,"rank_11"
"Christian Kirk",31,"ecr_11",4.2,"fpts_11",48,"rank_11"
"Cole Beasley",48,"ecr_11",3.8,"fpts_11",54,"rank_11"
"Cooper Kupp",8,"ecr_11",5.3,"fpts_11",42,"rank_11"
"Courtland Sutton",18,"ecr_11",13.8,"fpts_11",10,"rank_11"
"Curtis Samuel",20,"ecr_11",2.5,"fpts_11",68,"rank_11"
"D.J. Chark",15,"ecr_11",22.4,"fpts_11",2,"rank_11"
"D.J. Moore",10,"ecr_11",9.5,"fpts_11",19,"rank_11"
"DaeSean Hamilton",79,"ecr_11",0,"fpts_11",192,"rank_11"
"Danny Amendola",59,"ecr_11",4.7,"fpts_11",46,"rank_11"
"DeAndre Hopkins",5,"ecr_11",8,"fpts_11",25,"rank_11"
"Dede Westbrook",36,"ecr_11",3.2,"fpts_11",60,"rank_11"
"Deebo Samuel",35,"ecr_11",13.4,"fpts_11",13,"rank_11"
"Demarcus Robinson",62,"ecr_11",0,"fpts_11",368,"rank_11"
"Demaryius Thomas",47,"ecr_11",4.4,"fpts_11",47,"rank_11"
"DeVante Parker",38,"ecr_11",13.5,"fpts_11",12,"rank_11"
"Diontae Johnson",46,"ecr_11",1.7,"fpts_11",79,"rank_11"
"Emmanuel Sanders",26,"ecr_11",3.3,"fpts_11",57,"rank_11"
"Hunter Renfrow",49,"ecr_11",6.6,"fpts_11",34,"rank_11"
"Jakeem Grant",73,"ecr_11",15.9,"fpts_11",8,"rank_11"
"James Washington",52,"ecr_11",4.9,"fpts_11",45,"rank_11"
"Jamison Crowder",33,"ecr_11",13.6,"fpts_11",11,"rank_11"
"Jarius Wright",82,"ecr_11",1.9,"fpts_11",75,"rank_11"
"Jarvis Landry",28,"ecr_11",10.3,"fpts_11",16,"rank_11"
"John Brown",12,"ecr_11",25.7,"fpts_11",1,"rank_11"
"Jordan Matthews",89,"ecr_11",0.6,"fpts_11",91,"rank_11"
"Josh Reynolds",44,"ecr_11",5,"fpts_11",44,"rank_11"
"JuJu Smith-Schuster",25,"ecr_11",2.1,"fpts_11",73,"rank_11"
"Julian Edelman",9,"ecr_11",9.9,"fpts_11",17,"rank_11"
"Julio Jones",4,"ecr_11",8.7,"fpts_11",23,"rank_11"
"Keenan Allen",11,"ecr_11",13.1,"fpts_11",14,"rank_11"
"KeeSean Johnson",78,"ecr_11",-0.6,"fpts_11",397,"rank_11"
"Kelvin Harmon",91,"ecr_11",5.3,"fpts_11",43,"rank_11"
"Kendrick Bourne",65,"ecr_11",9.1,"fpts_11",22,"rank_11"
"Kenny Golladay",16,"ecr_11",3.4,"fpts_11",56,"rank_11"
"Kenny Stills",39,"ecr_11",2.7,"fpts_11",65,"rank_11"
"Laquon Treadwell",85,"ecr_11",0,"fpts_11",378,"rank_11"
"Larry Fitzgerald",43,"ecr_11",7.7,"fpts_11",26,"rank_11"
"Mack Hollins",80,"ecr_11",0,"fpts_11",188,"rank_11"
"Marcus Johnson",76,"ecr_11",9.8,"fpts_11",18,"rank_11"
"Marquise Brown",21,"ecr_11",2.3,"fpts_11",72,"rank_11"
"Marvin Jones",34,"ecr_11",15.9,"fpts_11",7,"rank_11"
"Mecole Hardman",56,"ecr_11",1.3,"fpts_11",83,"rank_11"
"Michael Gallup",14,"ecr_11",14.8,"fpts_11",9,"rank_11"
"Michael Thomas",2,"ecr_11",17.4,"fpts_11",6,"rank_11"
"Mike Evans",3,"ecr_11",6.9,"fpts_11",33,"rank_11"
"Mike Williams",30,"ecr_11",7.6,"fpts_11",28,"rank_11"
"Miles Boykin",74,"ecr_11",0,"fpts_11",133,"rank_11"
"Mohamed Sanu",27,"ecr_11",1.2,"fpts_11",84,"rank_11"
"Nelson Agholor",54,"ecr_11",4,"fpts_11",51,"rank_11"
"Olabisi Johnson",58,"ecr_11",3.5,"fpts_11",55,"rank_11"
"Pharoh Cooper",95,"ecr_11",9.5,"fpts_11",20,"rank_11"
"Phillip Dorsett",42,"ecr_11",9.3,"fpts_11",21,"rank_11"
"Randall Cobb",51,"ecr_11",17.5,"fpts_11",5,"rank_11"
"Rashard Higgins",71,"ecr_11",0,"fpts_11",374,"rank_11"
"Robby Anderson",40,"ecr_11",6.6,"fpts_11",35,"rank_11"
"Russell Gage",50,"ecr_11",3.2,"fpts_11",59,"rank_11"
"Sammy Watkins",32,"ecr_11",2.6,"fpts_11",67,"rank_11"
"Stefon Diggs",17,"ecr_11",18.1,"fpts_11",4,"rank_11"
"Taylor Gabriel",55,"ecr_11",5.7,"fpts_11",39,"rank_11"
"Ted Ginn",45,"ecr_11",7.4,"fpts_11",30,"rank_11"
"Terry McLaurin",22,"ecr_11",6.9,"fpts_11",32,"rank_11"
"Tre'Quan Smith",60,"ecr_11",0,"fpts_11",204,"rank_11"
"Trey Quinn",70,"ecr_11",2.9,"fpts_11",62,"rank_11"
"Tyler Boyd",29,"ecr_11",1,"fpts_11",86,"rank_11"
"Tyreek Hill",1,"ecr_11",0,"fpts_11",382,"rank_11"
"Tyrell Williams",24,"ecr_11",8.2,"fpts_11",24,"rank_11"
"Willie Snead",67,"ecr_11",1.3,"fpts_11",82,"rank_11"
"Zach Pascal",37,"ecr_11",1.7,"fpts_11",78,"rank_11"
"Zay Jones",68,"ecr_11",2.5,"fpts_11",70,"rank_11"
"A.J. Brown",44,"ecr_12",19.5,"fpts_12",5,"rank_12"
"Adam Humphries",63,"ecr_12",2,"fpts_12",73,"rank_12"
"Albert Wilson",67,"ecr_12",3.7,"fpts_12",56,"rank_12"
"Alex Erickson",65,"ecr_12",4.3,"fpts_12",49,"rank_12"
"Allen Hurns",57,"ecr_12",10.2,"fpts_12",19,"rank_12"
"Allen Lazard",62,"ecr_12",2.8,"fpts_12",65,"rank_12"
"Allen Robinson",14,"ecr_12",19.1,"fpts_12",6,"rank_12"
"Amari Cooper",15,"ecr_12",0,"fpts_12",397,"rank_12"
"Anthony Miller",61,"ecr_12",7.7,"fpts_12",27,"rank_12"
"Auden Tate",79,"ecr_12",1,"fpts_12",82,"rank_12"
"Brandin Cooks",39,"ecr_12",3.3,"fpts_12",61,"rank_12"
"Breshad Perriman",85,"ecr_12",4.4,"fpts_12",47,"rank_12"
"Calvin Ridley",11,"ecr_12",16,"fpts_12",9,"rank_12"
"Chester Rogers",84,"ecr_12",1.2,"fpts_12",81,"rank_12"
"Chris Conley",47,"ecr_12",4.9,"fpts_12",44,"rank_12"
"Chris Godwin",6,"ecr_12",30.4,"fpts_12",1,"rank_12"
"Cole Beasley",54,"ecr_12",13.6,"fpts_12",15,"rank_12"
"Cooper Kupp",12,"ecr_12",3.5,"fpts_12",58,"rank_12"
"Corey Davis",55,"ecr_12",2.9,"fpts_12",63,"rank_12"
"Courtland Sutton",20,"ecr_12",2.7,"fpts_12",67,"rank_12"
"Curtis Samuel",27,"ecr_12",4.9,"fpts_12",43,"rank_12"
"D.J. Chark",10,"ecr_12",5.8,"fpts_12",39,"rank_12"
"D.J. Moore",13,"ecr_12",25.4,"fpts_12",3,"rank_12"
"D.K. Metcalf",23,"ecr_12",3.5,"fpts_12",60,"rank_12"
"DaeSean Hamilton",98,"ecr_12",0,"fpts_12",216,"rank_12"
"Danny Amendola",60,"ecr_12",2.1,"fpts_12",71,"rank_12"
"Darius Slayton",42,"ecr_12",6.7,"fpts_12",36,"rank_12"
"Davante Adams",7,"ecr_12",12.3,"fpts_12",17,"rank_12"
"DeAndre Hopkins",3,"ecr_12",21.4,"fpts_12",4,"rank_12"
"Dede Westbrook",38,"ecr_12",6.9,"fpts_12",34,"rank_12"
"Deebo Samuel",29,"ecr_12",11,"fpts_12",18,"rank_12"
"Demaryius Thomas",43,"ecr_12",2.2,"fpts_12",70,"rank_12"
"DeVante Parker",25,"ecr_12",9.1,"fpts_12",25,"rank_12"
"Diontae Johnson",50,"ecr_12",2.9,"fpts_12",64,"rank_12"
"Emmanuel Sanders",33,"ecr_12",1.5,"fpts_12",80,"rank_12"
"Geronimo Allison",70,"ecr_12",0.9,"fpts_12",85,"rank_12"
"Golden Tate",30,"ecr_12",9.3,"fpts_12",24,"rank_12"
"Greg Ward",110,"ecr_12",4,"fpts_12",51,"rank_12"
"Hunter Renfrow",49,"ecr_12",3.1,"fpts_12",62,"rank_12"
"Isaiah McKenzie",75,"ecr_12",0.8,"fpts_12",87,"rank_12"
"J.J. Arcega-Whiteside",73,"ecr_12",4.3,"fpts_12",48,"rank_12"
"Jakeem Grant",72,"ecr_12",0,"fpts_12",370,"rank_12"
"Jakobi Meyers",81,"ecr_12",7.4,"fpts_12",29,"rank_12"
"James Washington",35,"ecr_12",15.8,"fpts_12",10,"rank_12"
"Jamison Crowder",21,"ecr_12",1.8,"fpts_12",77,"rank_12"
"Jarius Wright",89,"ecr_12",0.4,"fpts_12",95,"rank_12"
"Jarvis Landry",18,"ecr_12",26.8,"fpts_12",2,"rank_12"
"John Brown",16,"ecr_12",9.9,"fpts_12",20,"rank_12"
"Jordan Matthews",56,"ecr_12",2.7,"fpts_12",66,"rank_12"
"Josh Gordon",46,"ecr_12",1,"fpts_12",83,"rank_12"
"Josh Reynolds",68,"ecr_12",0.8,"fpts_12",88,"rank_12"
"Julian Edelman",9,"ecr_12",9.3,"fpts_12",23,"rank_12"
"Julio Jones",1,"ecr_12",6.8,"fpts_12",35,"rank_12"
"Kelvin Harmon",80,"ecr_12",4.3,"fpts_12",50,"rank_12"
"Kendrick Bourne",64,"ecr_12",2.7,"fpts_12",68,"rank_12"
"Kenny Golladay",17,"ecr_12",6.1,"fpts_12",37,"rank_12"
"Kenny Stills",40,"ecr_12",0.6,"fpts_12",93,"rank_12"
"Mack Hollins",77,"ecr_12",0,"fpts_12",189,"rank_12"
"Marcus Johnson",86,"ecr_12",0,"fpts_12",384,"rank_12"
"Marquez Valdes-Scantling",69,"ecr_12",0.7,"fpts_12",89,"rank_12"
"Marquise Brown",31,"ecr_12",16.2,"fpts_12",7,"rank_12"
"Marvin Jones",26,"ecr_12",4.6,"fpts_12",45,"rank_12"
"Michael Gallup",24,"ecr_12",5.5,"fpts_12",40,"rank_12"
"Michael Thomas",2,"ecr_12",16.1,"fpts_12",8,"rank_12"
"Mike Evans",4,"ecr_12",5,"fpts_12",42,"rank_12"
"Miles Boykin",91,"ecr_12",5.4,"fpts_12",41,"rank_12"
"N'Keal Harry",59,"ecr_12",7,"fpts_12",32,"rank_12"
"Randall Cobb",52,"ecr_12",8.6,"fpts_12",26,"rank_12"
"Robby Anderson",37,"ecr_12",14.6,"fpts_12",11,"rank_12"
"Robert Woods",34,"ecr_12",9.7,"fpts_12",21,"rank_12"
"Russell Gage",51,"ecr_12",7.6,"fpts_12",28,"rank_12"
"Scott Miller",76,"ecr_12",0.6,"fpts_12",91,"rank_12"
"Seth Roberts",100,"ecr_12",3.9,"fpts_12",52,"rank_12"
"Sterling Shepard",45,"ecr_12",3.7,"fpts_12",55,"rank_12"
"T.Y. Hilton",19,"ecr_12",1.8,"fpts_12",75,"rank_12"
"Tajae Sharpe",88,"ecr_12",0,"fpts_12",376,"rank_12"
"Taylor Gabriel",48,"ecr_12",1.9,"fpts_12",74,"rank_12"
"Ted Ginn",53,"ecr_12",3.8,"fpts_12",54,"rank_12"
"Terry McLaurin",28,"ecr_12",7.2,"fpts_12",31,"rank_12"
"Tim Patrick",58,"ecr_12",0.3,"fpts_12",96,"rank_12"
"Tre'Quan Smith",66,"ecr_12",7.3,"fpts_12",30,"rank_12"
"Trey Quinn",83,"ecr_12",0,"fpts_12",202,"rank_12"
"Tyler Boyd",36,"ecr_12",14.1,"fpts_12",13,"rank_12"
"Tyler Lockett",8,"ecr_12",3.8,"fpts_12",53,"rank_12"
"Tyrell Williams",22,"ecr_12",1.8,"fpts_12",78,"rank_12"
"Will Fuller",32,"ecr_12",14,"fpts_12",14,"rank_12"
"Willie Snead",74,"ecr_12",13.4,"fpts_12",16,"rank_12"
"Zach Pascal",41,"ecr_12",0,"fpts_12",184,"rank_12"
"Zay Jones",71,"ecr_12",0.5,"fpts_12",94,"rank_12"
"A.J. Brown",43,"ecr_13",4.5,"fpts_13",58,"rank_13"
"Adam Humphries",67,"ecr_13",7.3,"fpts_13",38,"rank_13"
"Albert Wilson",77,"ecr_13",6.3,"fpts_13",40,"rank_13"
"Alex Erickson",68,"ecr_13",2.1,"fpts_13",81,"rank_13"
"Allen Hurns",54,"ecr_13",3.3,"fpts_13",66,"rank_13"
"Allen Lazard",64,"ecr_13",16.3,"fpts_13",9,"rank_13"
"Allen Robinson",15,"ecr_13",14.6,"fpts_13",11,"rank_13"
"Alshon Jeffery",31,"ecr_13",19.7,"fpts_13",3,"rank_13"
"Amari Cooper",18,"ecr_13",8.5,"fpts_13",33,"rank_13"
"Andy Isabella",80,"ecr_13",0,"fpts_13",124,"rank_13"
"Anthony Miller",51,"ecr_13",14,"fpts_13",12,"rank_13"
"Auden Tate",53,"ecr_13",6.6,"fpts_13",39,"rank_13"
"Brandin Cooks",33,"ecr_13",2.4,"fpts_13",75,"rank_13"
"Breshad Perriman",87,"ecr_13",8.7,"fpts_13",32,"rank_13"
"Calvin Ridley",12,"ecr_13",9.1,"fpts_13",31,"rank_13"
"Chris Conley",48,"ecr_13",5.7,"fpts_13",43,"rank_13"
"Chris Godwin",5,"ecr_13",5,"fpts_13",54,"rank_13"
"Christian Kirk",26,"ecr_13",2.3,"fpts_13",77,"rank_13"
"Cole Beasley",50,"ecr_13",17,"fpts_13",8,"rank_13"
"Cooper Kupp",8,"ecr_13",12.5,"fpts_13",17,"rank_13"
"Corey Davis",61,"ecr_13",2.3,"fpts_13",76,"rank_13"
"Courtland Sutton",21,"ecr_13",19.4,"fpts_13",4,"rank_13"
"Curtis Samuel",40,"ecr_13",12.5,"fpts_13",18,"rank_13"
"D.J. Chark",7,"ecr_13",4.7,"fpts_13",56,"rank_13"
"D.J. Moore",9,"ecr_13",13.2,"fpts_13",14,"rank_13"
"D.K. Metcalf",22,"ecr_13",5.5,"fpts_13",47,"rank_13"
"Danny Amendola",69,"ecr_13",3.2,"fpts_13",67,"rank_13"
"Darius Slayton",44,"ecr_13",4.4,"fpts_13",59,"rank_13"
"Davante Adams",3,"ecr_13",18.4,"fpts_13",5,"rank_13"
"DeAndre Hopkins",11,"ecr_13",10.6,"fpts_13",26,"rank_13"
"Dede Westbrook",36,"ecr_13",14,"fpts_13",13,"rank_13"
"Deebo Samuel",39,"ecr_13",12.1,"fpts_13",20,"rank_13"
"Demarcus Robinson",73,"ecr_13",0,"fpts_13",381,"rank_13"
"Demaryius Thomas",58,"ecr_13",2.3,"fpts_13",78,"rank_13"
"DeVante Parker",20,"ecr_13",27.9,"fpts_13",1,"rank_13"
"Diontae Johnson",56,"ecr_13",3.1,"fpts_13",68,"rank_13"
"Emmanuel Sanders",47,"ecr_13",4.1,"fpts_13",62,"rank_13"
"Geronimo Allison",76,"ecr_13",2,"fpts_13",82,"rank_13"
"Isaiah McKenzie",81,"ecr_13",3.4,"fpts_13",64,"rank_13"
"Jakobi Meyers",84,"ecr_13",4.6,"fpts_13",57,"rank_13"
"James Washington",46,"ecr_13",17.1,"fpts_13",7,"rank_13"
"Jamison Crowder",28,"ecr_13",0.8,"fpts_13",98,"rank_13"
"Jarius Wright",92,"ecr_13",3.4,"fpts_13",65,"rank_13"
"Jarvis Landry",17,"ecr_13",7.6,"fpts_13",35,"rank_13"
"John Brown",16,"ecr_13",7.7,"fpts_13",34,"rank_13"
"Josh Gordon",60,"ecr_13",1,"fpts_13",94,"rank_13"
"Julian Edelman",6,"ecr_13",15.9,"fpts_13",10,"rank_13"
"Keenan Allen",19,"ecr_13",12.8,"fpts_13",15,"rank_13"
"Kelvin Harmon",74,"ecr_13",5.1,"fpts_13",52,"rank_13"
"Kendrick Bourne",82,"ecr_13",4.2,"fpts_13",61,"rank_13"
"Kenny Golladay",29,"ecr_13",21.8,"fpts_13",2,"rank_13"
"Kenny Stills",65,"ecr_13",12.1,"fpts_13",19,"rank_13"
"Larry Fitzgerald",52,"ecr_13",5.6,"fpts_13",46,"rank_13"
"Marcus Johnson",85,"ecr_13",5.5,"fpts_13",48,"rank_13"
"Marquez Valdes-Scantling",78,"ecr_13",0,"fpts_13",224,"rank_13"
"Marquise Brown",37,"ecr_13",0.1,"fpts_13",108,"rank_13"
"Marvin Jones",38,"ecr_13",10,"fpts_13",30,"rank_13"
"Mecole Hardman",63,"ecr_13",0.9,"fpts_13",95,"rank_13"
"Michael Gallup",24,"ecr_13",6.3,"fpts_13",41,"rank_13"
"Michael Thomas",2,"ecr_13",4.8,"fpts_13",55,"rank_13"
"Mike Evans",4,"ecr_13",5.3,"fpts_13",49,"rank_13"
"Mike Williams",42,"ecr_13",11.7,"fpts_13",23,"rank_13"
"Miles Boykin",96,"ecr_13",0,"fpts_13",173,"rank_13"
"Mohamed Sanu",62,"ecr_13",1.4,"fpts_13",86,"rank_13"
"N'Keal Harry",70,"ecr_13",0,"fpts_13",130,"rank_13"
"Nelson Agholor",71,"ecr_13",6.1,"fpts_13",42,"rank_13"
"Olabisi Johnson",86,"ecr_13",0.1,"fpts_13",107,"rank_13"
"Pharoh Cooper",109,"ecr_13",2.6,"fpts_13",74,"rank_13"
"Phillip Dorsett",55,"ecr_13",1.5,"fpts_13",83,"rank_13"
"Randall Cobb",49,"ecr_13",5.3,"fpts_13",50,"rank_13"
"Rashard Higgins",90,"ecr_13",0,"fpts_13",385,"rank_13"
"Robby Anderson",41,"ecr_13",10.1,"fpts_13",27,"rank_13"
"Robert Woods",25,"ecr_13",17.2,"fpts_13",6,"rank_13"
"Russell Gage",45,"ecr_13",11.2,"fpts_13",24,"rank_13"
"Sammy Watkins",27,"ecr_13",0,"fpts_13",392,"rank_13"
"Seth Roberts",98,"ecr_13",0.5,"fpts_13",104,"rank_13"
"Stefon Diggs",14,"ecr_13",5.2,"fpts_13",51,"rank_13"
"Sterling Shepard",34,"ecr_13",10,"fpts_13",28,"rank_13"
"Ted Ginn",57,"ecr_13",0,"fpts_13",355,"rank_13"
"Terry McLaurin",30,"ecr_13",0.8,"fpts_13",100,"rank_13"
"Tim Patrick",66,"ecr_13",0,"fpts_13",220,"rank_13"
"Tre'Quan Smith",72,"ecr_13",1.4,"fpts_13",85,"rank_13"
"Trevor Davis",107,"ecr_13",-2,"fpts_13",400,"rank_13"
"Trey Quinn",91,"ecr_13",0,"fpts_13",211,"rank_13"
"Tyler Boyd",23,"ecr_13",11.9,"fpts_13",21,"rank_13"
"Tyler Lockett",10,"ecr_13",0,"fpts_13",395,"rank_13"
"Tyreek Hill",1,"ecr_13",5.1,"fpts_13",53,"rank_13"
"Tyrell Williams",32,"ecr_13",0.9,"fpts_13",96,"rank_13"
"Will Fuller",35,"ecr_13",0.8,"fpts_13",97,"rank_13"
"Willie Snead",79,"ecr_13",1.2,"fpts_13",90,"rank_13"
"Zach Pascal",59,"ecr_13",10.9,"fpts_13",25,"rank_13"
"Zay Jones",75,"ecr_13",1.4,"fpts_13",84,"rank_13"
"A.J. Brown",35,"ecr_14",28.6,"fpts_14",1,"rank_14"
"Albert Wilson",66,"ecr_14",0.5,"fpts_14",110,"rank_14"
"Alex Erickson",82,"ecr_14",5.5,"fpts_14",46,"rank_14"
"Allen Hurns",52,"ecr_14",6.8,"fpts_14",44,"rank_14"
"Allen Lazard",55,"ecr_14",1.9,"fpts_14",86,"rank_14"
"Allen Robinson",14,"ecr_14",16.8,"fpts_14",9,"rank_14"
"Amari Cooper",16,"ecr_14",14.3,"fpts_14",14,"rank_14"
"Andre Patton",104,"ecr_14",0,"fpts_14",183,"rank_14"
"Andy Isabella",84,"ecr_14",0.5,"fpts_14",107,"rank_14"
"Anthony Miller",38,"ecr_14",10.2,"fpts_14",28,"rank_14"
"Auden Tate",53,"ecr_14",1.6,"fpts_14",89,"rank_14"
"Brandin Cooks",39,"ecr_14",0,"fpts_14",387,"rank_14"
"Breshad Perriman",75,"ecr_14",13,"fpts_14",17,"rank_14"
"Chris Conley",54,"ecr_14",0.7,"fpts_14",105,"rank_14"
"Chris Godwin",5,"ecr_14",9.1,"fpts_14",31,"rank_14"
"Christian Blake",89,"ecr_14",0,"fpts_14",203,"rank_14"
"Christian Kirk",27,"ecr_14",8.9,"fpts_14",32,"rank_14"
"Cole Beasley",47,"ecr_14",10.9,"fpts_14",24,"rank_14"
"Cooper Kupp",8,"ecr_14",10.5,"fpts_14",27,"rank_14"
"Corey Davis",50,"ecr_14",3.4,"fpts_14",68,"rank_14"
"Courtland Sutton",17,"ecr_14",3.4,"fpts_14",66,"rank_14"
"Curtis Samuel",32,"ecr_14",4.2,"fpts_14",53,"rank_14"
"D.J. Chark",20,"ecr_14",7.5,"fpts_14",40,"rank_14"
"D.J. Moore",6,"ecr_14",8.1,"fpts_14",37,"rank_14"
"D.K. Metcalf",26,"ecr_14",7.8,"fpts_14",38,"rank_14"
"Danny Amendola",64,"ecr_14",3.4,"fpts_14",64,"rank_14"
"Darius Slayton",45,"ecr_14",27.4,"fpts_14",2,"rank_14"
"Davante Adams",1,"ecr_14",4.1,"fpts_14",55,"rank_14"
"David Moore",90,"ecr_14",1.5,"fpts_14",90,"rank_14"
"DeAndre Hopkins",3,"ecr_14",19.2,"fpts_14",6,"rank_14"
"Dede Westbrook",42,"ecr_14",2.5,"fpts_14",80,"rank_14"
"Deebo Samuel",33,"ecr_14",10.9,"fpts_14",25,"rank_14"
"Demarcus Robinson",72,"ecr_14",1.2,"fpts_14",96,"rank_14"
"Demaryius Thomas",57,"ecr_14",8.8,"fpts_14",34,"rank_14"
"DeVante Parker",11,"ecr_14",2.8,"fpts_14",77,"rank_14"
"Diontae Johnson",49,"ecr_14",19.6,"fpts_14",4,"rank_14"
"Emmanuel Sanders",40,"ecr_14",27.1,"fpts_14",3,"rank_14"
"Geronimo Allison",74,"ecr_14",1.1,"fpts_14",97,"rank_14"
"Golden Tate",44,"ecr_14",1.1,"fpts_14",99,"rank_14"
"Greg Ward",92,"ecr_14",3.4,"fpts_14",65,"rank_14"
"Isaiah McKenzie",78,"ecr_14",2.5,"fpts_14",81,"rank_14"
"J.J. Arcega-Whiteside",79,"ecr_14",2.9,"fpts_14",72,"rank_14"
"Jakobi Meyers",65,"ecr_14",3.5,"fpts_14",62,"rank_14"
"James Washington",30,"ecr_14",3.3,"fpts_14",69,"rank_14"
"Jamison Crowder",28,"ecr_14",2.9,"fpts_14",74,"rank_14"
"Jarius Wright",83,"ecr_14",3,"fpts_14",70,"rank_14"
"Jarvis Landry",15,"ecr_14",7.6,"fpts_14",39,"rank_14"
"John Brown",22,"ecr_14",2.6,"fpts_14",78,"rank_14"
"John Ross",62,"ecr_14",2.8,"fpts_14",75,"rank_14"
"Josh Gordon",69,"ecr_14",3.4,"fpts_14",67,"rank_14"
"Julian Edelman",7,"ecr_14",16.3,"fpts_14",11,"rank_14"
"Julio Jones",9,"ecr_14",6.6,"fpts_14",45,"rank_14"
"Keelan Cole",95,"ecr_14",1.2,"fpts_14",93,"rank_14"
"Keenan Allen",13,"ecr_14",8.3,"fpts_14",35,"rank_14"
"Kelvin Harmon",63,"ecr_14",3,"fpts_14",71,"rank_14"
"Kendrick Bourne",67,"ecr_14",13.8,"fpts_14",15,"rank_14"
"Kenny Golladay",21,"ecr_14",11.8,"fpts_14",21,"rank_14"
"Kenny Stills",43,"ecr_14",0.8,"fpts_14",104,"rank_14"
"Laquon Treadwell",91,"ecr_14",4.2,"fpts_14",54,"rank_14"
"Larry Fitzgerald",48,"ecr_14",2,"fpts_14",85,"rank_14"
"Marcus Johnson",68,"ecr_14",16.5,"fpts_14",10,"rank_14"
"Marquez Valdes-Scantling",81,"ecr_14",0,"fpts_14",219,"rank_14"
"Marquise Brown",41,"ecr_14",-0.2,"fpts_14",399,"rank_14"
"Mecole Hardman",61,"ecr_14",10.8,"fpts_14",26,"rank_14"
"Michael Gallup",25,"ecr_14",10.9,"fpts_14",23,"rank_14"
"Michael Thomas",2,"ecr_14",19.4,"fpts_14",5,"rank_14"
"Mike Williams",34,"ecr_14",12.3,"fpts_14",18,"rank_14"
"Mohamed Sanu",59,"ecr_14",1.3,"fpts_14",92,"rank_14"
"N'Keal Harry",88,"ecr_14",1.2,"fpts_14",95,"rank_14"
"Olabisi Johnson",71,"ecr_14",6.9,"fpts_14",43,"rank_14"
"Pharoh Cooper",86,"ecr_14",0.5,"fpts_14",111,"rank_14"
"Phillip Dorsett",58,"ecr_14",0,"fpts_14",386,"rank_14"
"Randall Cobb",51,"ecr_14",4.3,"fpts_14",51,"rank_14"
"Rashard Higgins",94,"ecr_14",0,"fpts_14",381,"rank_14"
"Robby Anderson",23,"ecr_14",18.1,"fpts_14",8,"rank_14"
"Robert Woods",19,"ecr_14",18.7,"fpts_14",7,"rank_14"
"Russell Gage",56,"ecr_14",1.7,"fpts_14",88,"rank_14"
"Sammy Watkins",46,"ecr_14",5,"fpts_14",47,"rank_14"
"Seth Roberts",93,"ecr_14",0.8,"fpts_14",103,"rank_14"
"Stefon Diggs",10,"ecr_14",9.2,"fpts_14",30,"rank_14"
"Sterling Shepard",29,"ecr_14",3.6,"fpts_14",61,"rank_14"
"Ted Ginn",60,"ecr_14",5,"fpts_14",48,"rank_14"
"Terry McLaurin",37,"ecr_14",11.7,"fpts_14",22,"rank_14"
"Tim Patrick",70,"ecr_14",5,"fpts_14",49,"rank_14"
"Tre'Quan Smith",77,"ecr_14",8.9,"fpts_14",33,"rank_14"
"Tyler Boyd",24,"ecr_14",8.2,"fpts_14",36,"rank_14"
"Tyler Lockett",18,"ecr_14",4.3,"fpts_14",52,"rank_14"
"Tyreek Hill",4,"ecr_14",7,"fpts_14",42,"rank_14"
"Tyrell Williams",36,"ecr_14",3.5,"fpts_14",63,"rank_14"
"Willie Snead",76,"ecr_14",7.3,"fpts_14",41,"rank_14"
"Zach Pascal",31,"ecr_14",15.4,"fpts_14",12,"rank_14"
"Zay Jones",73,"ecr_14",0.5,"fpts_14",109,"rank_14"
"A.J. Brown",16,"ecr_15",17.4,"fpts_15",10,"rank_15"
"Adam Thielen",29,"ecr_15",3,"fpts_15",64,"rank_15"
"Albert Wilson",73,"ecr_15",5.9,"fpts_15",48,"rank_15"
"Alex Erickson",75,"ecr_15",-1.4,"fpts_15",399,"rank_15"
"Allen Hurns",49,"ecr_15",0.9,"fpts_15",98,"rank_15"
"Allen Lazard",60,"ecr_15",1.4,"fpts_15",86,"rank_15"
"Allen Robinson",10,"ecr_15",12.5,"fpts_15",16,"rank_15"
"Amari Cooper",15,"ecr_15",1.9,"fpts_15",80,"rank_15"
"Anthony Miller",38,"ecr_15",17.8,"fpts_15",9,"rank_15"
"Brandin Cooks",54,"ecr_15",4.6,"fpts_15",53,"rank_15"
"Breshad Perriman",44,"ecr_15",29.6,"fpts_15",1,"rank_15"
"Chris Conley",42,"ecr_15",16.9,"fpts_15",11,"rank_15"
"Chris Godwin",3,"ecr_15",12.1,"fpts_15",20,"rank_15"
"Christian Blake",84,"ecr_15",0,"fpts_15",205,"rank_15"
"Christian Kirk",23,"ecr_15",6.1,"fpts_15",46,"rank_15"
"Cole Beasley",48,"ecr_15",0.6,"fpts_15",105,"rank_15"
"Cooper Kupp",14,"ecr_15",10.1,"fpts_15",30,"rank_15"
"Corey Davis",59,"ecr_15",5.7,"fpts_15",49,"rank_15"
"Courtland Sutton",20,"ecr_15",7.9,"fpts_15",41,"rank_15"
"Curtis Samuel",39,"ecr_15",11.4,"fpts_15",22,"rank_15"
"D.J. Moore",6,"ecr_15",12.3,"fpts_15",17,"rank_15"
"D.K. Metcalf",25,"ecr_15",9.6,"fpts_15",34,"rank_15"
"DaeSean Hamilton",101,"ecr_15",1.3,"fpts_15",89,"rank_15"
"Damiere Byrd",110,"ecr_15",8.6,"fpts_15",37,"rank_15"
"Danny Amendola",52,"ecr_15",10.2,"fpts_15",29,"rank_15"
"Darius Slayton",30,"ecr_15",9.1,"fpts_15",35,"rank_15"
"Davante Adams",5,"ecr_15",16.3,"fpts_15",12,"rank_15"
"David Moore",96,"ecr_15",0,"fpts_15",233,"rank_15"
"DeAndre Hopkins",1,"ecr_15",11.9,"fpts_15",21,"rank_15"
"Dede Westbrook",32,"ecr_15",2.1,"fpts_15",76,"rank_15"
"Deebo Samuel",24,"ecr_15",3.7,"fpts_15",59,"rank_15"
"Demarcus Robinson",78,"ecr_15",2.1,"fpts_15",77,"rank_15"
"DeVante Parker",26,"ecr_15",19.2,"fpts_15",4,"rank_15"
"Diontae Johnson",51,"ecr_15",4.2,"fpts_15",57,"rank_15"
"Dontrelle Inman",124,"ecr_15",2.5,"fpts_15",69,"rank_15"
"Emmanuel Sanders",19,"ecr_15",0.9,"fpts_15",97,"rank_15"
"Geronimo Allison",81,"ecr_15",1.9,"fpts_15",79,"rank_15"
"Golden Tate",40,"ecr_15",11.1,"fpts_15",23,"rank_15"
"Greg Ward",47,"ecr_15",12.1,"fpts_15",19,"rank_15"
"Isaiah Ford",72,"ecr_15",2.1,"fpts_15",75,"rank_15"
"J.J. Arcega-Whiteside",67,"ecr_15",0,"fpts_15",124,"rank_15"
"Jakobi Meyers",69,"ecr_15",0,"fpts_15",167,"rank_15"
"James Washington",45,"ecr_15",8.3,"fpts_15",38,"rank_15"
"Jamison Crowder",43,"ecr_15",21,"fpts_15",3,"rank_15"
"Jarius Wright",89,"ecr_15",0.9,"fpts_15",99,"rank_15"
"Jarvis Landry",11,"ecr_15",2.3,"fpts_15",73,"rank_15"
"John Brown",28,"ecr_15",9.9,"fpts_15",32,"rank_15"
"John Ross",63,"ecr_15",2.4,"fpts_15",72,"rank_15"
"Josh Gordon",76,"ecr_15",4.8,"fpts_15",51,"rank_15"
"Josh Reynolds",88,"ecr_15",3.6,"fpts_15",61,"rank_15"
"Julian Edelman",7,"ecr_15",0.9,"fpts_15",96,"rank_15"
"Julio Jones",8,"ecr_15",25.4,"fpts_15",2,"rank_15"
"Justin Watson",62,"ecr_15",1.7,"fpts_15",84,"rank_15"
"Keelan Cole",66,"ecr_15",7.6,"fpts_15",42,"rank_15"
"Keelan Doss",85,"ecr_15",1.7,"fpts_15",82,"rank_15"
"Keenan Allen",13,"ecr_15",9.9,"fpts_15",31,"rank_15"
"Kelvin Harmon",65,"ecr_15",2.2,"fpts_15",74,"rank_15"
"Kendrick Bourne",61,"ecr_15",1.1,"fpts_15",92,"rank_15"
"Kenny Golladay",9,"ecr_15",4.4,"fpts_15",55,"rank_15"
"Kenny Stills",55,"ecr_15",15.5,"fpts_15",13,"rank_15"
"Laquon Treadwell",108,"ecr_15",0,"fpts_15",374,"rank_15"
"Larry Fitzgerald",50,"ecr_15",4.2,"fpts_15",56,"rank_15"
"Marcus Johnson",56,"ecr_15",3.7,"fpts_15",60,"rank_15"
"Marquez Valdes-Scantling",93,"ecr_15",0,"fpts_15",226,"rank_15"
"Marquise Brown",35,"ecr_15",10.5,"fpts_15",28,"rank_15"
"Mecole Hardman",70,"ecr_15",1,"fpts_15",94,"rank_15"
"Michael Gallup",22,"ecr_15",0.6,"fpts_15",104,"rank_15"
"Michael Thomas",2,"ecr_15",18.8,"fpts_15",6,"rank_15"
"Mike Williams",31,"ecr_15",13.1,"fpts_15",14,"rank_15"
"Mohamed Sanu",68,"ecr_15",1.3,"fpts_15",87,"rank_15"
"N'Keal Harry",95,"ecr_15",9.7,"fpts_15",33,"rank_15"
"Olabisi Johnson",90,"ecr_15",2.5,"fpts_15",70,"rank_15"
"Olamide Zaccheaus",91,"ecr_15",0,"fpts_15",147,"rank_15"
"Pharoh Cooper",92,"ecr_15",1.7,"fpts_15",81,"rank_15"
"Phillip Dorsett",71,"ecr_15",0,"fpts_15",391,"rank_15"
"Randall Cobb",58,"ecr_15",-0.3,"fpts_15",398,"rank_15"
"Robby Anderson",34,"ecr_15",8.6,"fpts_15",36,"rank_15"
"Robert Woods",12,"ecr_15",1.7,"fpts_15",83,"rank_15"
"Russell Gage",57,"ecr_15",3.3,"fpts_15",63,"rank_15"
"Sammy Watkins",46,"ecr_15",6.9,"fpts_15",43,"rank_15"
"Seth Roberts",87,"ecr_15",12.6,"fpts_15",15,"rank_15"
"Stefon Diggs",17,"ecr_15",8,"fpts_15",40,"rank_15"
"Sterling Shepard",33,"ecr_15",11.1,"fpts_15",24,"rank_15"
"T.Y. Hilton",80,"ecr_15",2.5,"fpts_15",71,"rank_15"
"Ted Ginn",64,"ecr_15",1.3,"fpts_15",90,"rank_15"
"Terry McLaurin",27,"ecr_15",19,"fpts_15",5,"rank_15"
"Tim Patrick",74,"ecr_15",2.6,"fpts_15",68,"rank_15"
"Tre'Quan Smith",77,"ecr_15",8.1,"fpts_15",39,"rank_15"
"Tyler Boyd",36,"ecr_15",2.6,"fpts_15",66,"rank_15"
"Tyler Lockett",21,"ecr_15",18,"fpts_15",8,"rank_15"
"Tyreek Hill",4,"ecr_15",18.8,"fpts_15",7,"rank_15"
"Tyrell Williams",41,"ecr_15",10.5,"fpts_15",27,"rank_15"
"Will Fuller",53,"ecr_15",6.1,"fpts_15",47,"rank_15"
"Willie Snead",79,"ecr_15",1.5,"fpts_15",85,"rank_15"
"Zach Pascal",37,"ecr_15",4.4,"fpts_15",54,"rank_15"
"Zay Jones",82,"ecr_15",0.5,"fpts_15",106,"rank_15"
"A.J. Brown",14,"ecr_16",14.3,"fpts_16",8,"rank_16"
"Adam Thielen",23,"ecr_16",0.2,"fpts_16",110,"rank_16"
"Albert Wilson",61,"ecr_16",8.8,"fpts_16",32,"rank_16"
"Alex Erickson",67,"ecr_16",5.5,"fpts_16",46,"rank_16"
"Allen Hurns",63,"ecr_16",4.1,"fpts_16",53,"rank_16"
"Allen Lazard",64,"ecr_16",4.5,"fpts_16",50,"rank_16"
"Allen Robinson",10,"ecr_16",5.3,"fpts_16",47,"rank_16"
"Amari Cooper",12,"ecr_16",2.4,"fpts_16",68,"rank_16"
"Andre Roberts",124,"ecr_16",0,"fpts_16",359,"rank_16"
"Anthony Miller",29,"ecr_16",0.2,"fpts_16",108,"rank_16"
"Brandin Cooks",62,"ecr_16",9.9,"fpts_16",24,"rank_16"
"Breshad Perriman",15,"ecr_16",10.2,"fpts_16",23,"rank_16"
"Chris Conley",45,"ecr_16",11.6,"fpts_16",17,"rank_16"
"Chris Hogan",114,"ecr_16",1.6,"fpts_16",82,"rank_16"
"Christian Blake",77,"ecr_16",0,"fpts_16",208,"rank_16"
"Christian Kirk",28,"ecr_16",0.9,"fpts_16",96,"rank_16"
"Cole Beasley",55,"ecr_16",10.8,"fpts_16",19,"rank_16"
"Cooper Kupp",25,"ecr_16",9.1,"fpts_16",30,"rank_16"
"Corey Davis",58,"ecr_16",4,"fpts_16",55,"rank_16"
"Courtland Sutton",11,"ecr_16",4.1,"fpts_16",54,"rank_16"
"Curtis Samuel",43,"ecr_16",2.1,"fpts_16",75,"rank_16"
"D.J. Chark",40,"ecr_16",1.8,"fpts_16",81,"rank_16"
"D.J. Moore",9,"ecr_16",0.1,"fpts_16",111,"rank_16"
"D.K. Metcalf",20,"ecr_16",0,"fpts_16",127,"rank_16"
"DaeSean Hamilton",91,"ecr_16",12.5,"fpts_16",12,"rank_16"
"Damiere Byrd",86,"ecr_16",1.1,"fpts_16",92,"rank_16"
"Danny Amendola",53,"ecr_16",2.1,"fpts_16",73,"rank_16"
"Darius Slayton",32,"ecr_16",0,"fpts_16",169,"rank_16"
"Davante Adams",5,"ecr_16",9.6,"fpts_16",27,"rank_16"
"David Moore",90,"ecr_16",2,"fpts_16",77,"rank_16"
"DeAndre Hopkins",1,"ecr_16",2.3,"fpts_16",71,"rank_16"
"Dede Westbrook",48,"ecr_16",0.5,"fpts_16",105,"rank_16"
"Deebo Samuel",35,"ecr_16",11.9,"fpts_16",14,"rank_16"
"Demarcus Robinson",80,"ecr_16",1.3,"fpts_16",88,"rank_16"
"DeVante Parker",6,"ecr_16",17.1,"fpts_16",5,"rank_16"
"Diontae Johnson",57,"ecr_16",14.1,"fpts_16",9,"rank_16"
"Dontrelle Inman",120,"ecr_16",1.8,"fpts_16",80,"rank_16"
"Emmanuel Sanders",33,"ecr_16",6.1,"fpts_16",42,"rank_16"
"Geronimo Allison",85,"ecr_16",2,"fpts_16",76,"rank_16"
"Golden Tate",44,"ecr_16",9.6,"fpts_16",26,"rank_16"
"Greg Ward",47,"ecr_16",7.6,"fpts_16",35,"rank_16"
"Isaiah Ford",88,"ecr_16",6.8,"fpts_16",39,"rank_16"
"J.J. Arcega-Whiteside",74,"ecr_16",3.9,"fpts_16",57,"rank_16"
"Jakobi Meyers",87,"ecr_16",2.5,"fpts_16",66,"rank_16"
"James Washington",46,"ecr_16",4.1,"fpts_16",52,"rank_16"
"Jamison Crowder",39,"ecr_16",6,"fpts_16",43,"rank_16"
"Jarius Wright",94,"ecr_16",1.9,"fpts_16",78,"rank_16"
"Jarvis Landry",26,"ecr_16",7.4,"fpts_16",36,"rank_16"
"John Brown",34,"ecr_16",11.6,"fpts_16",16,"rank_16"
"John Ross",59,"ecr_16",9,"fpts_16",31,"rank_16"
"Josh Reynolds",95,"ecr_16",3.2,"fpts_16",58,"rank_16"
"JuJu Smith-Schuster",51,"ecr_16",2.2,"fpts_16",72,"rank_16"
"Julian Edelman",18,"ecr_16",9.2,"fpts_16",28,"rank_16"
"Julio Jones",3,"ecr_16",16.6,"fpts_16",7,"rank_16"
"Justin Watson",41,"ecr_16",10.3,"fpts_16",22,"rank_16"
"Keelan Cole",78,"ecr_16",2.9,"fpts_16",62,"rank_16"
"Keelan Doss",101,"ecr_16",0,"fpts_16",160,"rank_16"
"Keenan Allen",8,"ecr_16",6.6,"fpts_16",40,"rank_16"
"Kelvin Harmon",73,"ecr_16",6.2,"fpts_16",41,"rank_16"
"Kendrick Bourne",71,"ecr_16",2.9,"fpts_16",61,"rank_16"
"Kenny Golladay",21,"ecr_16",12.6,"fpts_16",11,"rank_16"
"Kenny Stills",52,"ecr_16",5.7,"fpts_16",44,"rank_16"
"Larry Fitzgerald",54,"ecr_16",10.8,"fpts_16",18,"rank_16"
"Malik Turner",100,"ecr_16",2.3,"fpts_16",69,"rank_16"
"Marcus Johnson",70,"ecr_16",0.2,"fpts_16",109,"rank_16"
"Marquise Brown",37,"ecr_16",0.6,"fpts_16",101,"rank_16"
"Mecole Hardman",72,"ecr_16",0,"fpts_16",156,"rank_16"
"Michael Gallup",27,"ecr_16",9.8,"fpts_16",25,"rank_16"
"Michael Thomas",2,"ecr_16",19.6,"fpts_16",2,"rank_16"
"Mike Williams",24,"ecr_16",5.1,"fpts_16",48,"rank_16"
"Miles Boykin",97,"ecr_16",0.8,"fpts_16",97,"rank_16"
"Mohamed Sanu",69,"ecr_16",2.4,"fpts_16",67,"rank_16"
"N'Keal Harry",68,"ecr_16",3.9,"fpts_16",56,"rank_16"
"Olabisi Johnson",92,"ecr_16",0.6,"fpts_16",98,"rank_16"
"Phillip Dorsett",83,"ecr_16",0,"fpts_16",391,"rank_16"
"Randall Cobb",60,"ecr_16",7.3,"fpts_16",37,"rank_16"
"Robby Anderson",38,"ecr_16",9.2,"fpts_16",29,"rank_16"
"Robert Woods",19,"ecr_16",12.3,"fpts_16",13,"rank_16"
"Russell Gage",56,"ecr_16",5.6,"fpts_16",45,"rank_16"
"Sammy Watkins",50,"ecr_16",2.8,"fpts_16",63,"rank_16"
"Seth Roberts",84,"ecr_16",2.3,"fpts_16",70,"rank_16"
"Stefon Diggs",13,"ecr_16",11.7,"fpts_16",15,"rank_16"
"Sterling Shepard",36,"ecr_16",13.6,"fpts_16",10,"rank_16"
"Steven Sims",65,"ecr_16",19.3,"fpts_16",3,"rank_16"
"T.Y. Hilton",30,"ecr_16",2.6,"fpts_16",64,"rank_16"
"Tajae Sharpe",89,"ecr_16",18.9,"fpts_16",4,"rank_16"
"Ted Ginn",66,"ecr_16",0,"fpts_16",356,"rank_16"
"Terry McLaurin",16,"ecr_16",8.6,"fpts_16",33,"rank_16"
"Tim Patrick",75,"ecr_16",4.8,"fpts_16",49,"rank_16"
"Tre'Quan Smith",76,"ecr_16",1.3,"fpts_16",87,"rank_16"
"Tyler Boyd",17,"ecr_16",24.8,"fpts_16",1,"rank_16"
"Tyler Lockett",7,"ecr_16",1.2,"fpts_16",90,"rank_16"
"Tyreek Hill",4,"ecr_16",7.2,"fpts_16",38,"rank_16"
"Tyrell Williams",49,"ecr_16",8.2,"fpts_16",34,"rank_16"
"Will Fuller",22,"ecr_16",1.1,"fpts_16",93,"rank_16"
"Willie Snead",81,"ecr_16",0,"fpts_16",398,"rank_16"
"Zach Pascal",42,"ecr_16",0.6,"fpts_16",100,"rank_16"
"Zay Jones",93,"ecr_16",1.4,"fpts_16",85,"rank_16"
"A.J. Brown",7,"ecr_17",18.4,"fpts_17",4,"rank_17"
"Adam Thielen",71,"ecr_17",0,"fpts_17",396,"rank_17"
"Albert Wilson",55,"ecr_17",6.7,"fpts_17",35,"rank_17"
"Alex Erickson",59,"ecr_17",2.1,"fpts_17",79,"rank_17"
"Allen Lazard",52,"ecr_17",12.9,"fpts_17",16,"rank_17"
"Allen Robinson",6,"ecr_17",7.3,"fpts_17",31,"rank_17"
"Amari Cooper",9,"ecr_17",9.8,"fpts_17",25,"rank_17"
"Anthony Miller",29,"ecr_17",0.5,"fpts_17",107,"rank_17"
"Brandin Cooks",49,"ecr_17",4,"fpts_17",54,"rank_17"
"Breshad Perriman",12,"ecr_17",19.4,"fpts_17",3,"rank_17"
"Chris Conley",38,"ecr_17",3.8,"fpts_17",58,"rank_17"
"Christian Kirk",30,"ecr_17",6.6,"fpts_17",36,"rank_17"
"Cooper Kupp",19,"ecr_17",15.9,"fpts_17",6,"rank_17"
"Corey Davis",57,"ecr_17",4.4,"fpts_17",52,"rank_17"
"Courtland Sutton",5,"ecr_17",5.2,"fpts_17",46,"rank_17"
"Curtis Samuel",39,"ecr_17",1.3,"fpts_17",91,"rank_17"
"D.J. Chark",27,"ecr_17",3.4,"fpts_17",65,"rank_17"
"D.K. Metcalf",22,"ecr_17",14.1,"fpts_17",11,"rank_17"
"DaeSean Hamilton",74,"ecr_17",6.5,"fpts_17",37,"rank_17"
"Danny Amendola",48,"ecr_17",6.4,"fpts_17",40,"rank_17"
"Darius Slayton",33,"ecr_17",5,"fpts_17",47,"rank_17"
"Davante Adams",4,"ecr_17",15.3,"fpts_17",7,"rank_17"
"DeAndre Hopkins",60,"ecr_17",0,"fpts_17",335,"rank_17"
"Dede Westbrook",50,"ecr_17",15.2,"fpts_17",8,"rank_17"
"Deebo Samuel",26,"ecr_17",19.5,"fpts_17",2,"rank_17"
"Demarcus Robinson",76,"ecr_17",8.4,"fpts_17",28,"rank_17"
"DeVante Parker",18,"ecr_17",13.7,"fpts_17",13,"rank_17"
"Diontae Johnson",47,"ecr_17",5.4,"fpts_17",44,"rank_17"
"Emmanuel Sanders",21,"ecr_17",2.5,"fpts_17",74,"rank_17"
"Golden Tate",35,"ecr_17",12.8,"fpts_17",17,"rank_17"
"Greg Ward",31,"ecr_17",4.3,"fpts_17",53,"rank_17"
"Hunter Renfrow",51,"ecr_17",16.2,"fpts_17",5,"rank_17"
"J.J. Arcega-Whiteside",67,"ecr_17",0,"fpts_17",156,"rank_17"
"Jakobi Meyers",72,"ecr_17",0,"fpts_17",165,"rank_17"
"James Washington",41,"ecr_17",0,"fpts_17",223,"rank_17"
"Jamison Crowder",34,"ecr_17",12.6,"fpts_17",19,"rank_17"
"Jarvis Landry",17,"ecr_17",14.2,"fpts_17",10,"rank_17"
"John Ross",37,"ecr_17",4,"fpts_17",55,"rank_17"
"JuJu Smith-Schuster",43,"ecr_17",0.6,"fpts_17",106,"rank_17"
"Julian Edelman",8,"ecr_17",2.6,"fpts_17",72,"rank_17"
"Julio Jones",1,"ecr_17",7.8,"fpts_17",30,"rank_17"
"Justin Watson",28,"ecr_17",2.7,"fpts_17",71,"rank_17"
"Keenan Allen",13,"ecr_17",14.2,"fpts_17",9,"rank_17"
"Kelvin Harmon",54,"ecr_17",3.3,"fpts_17",67,"rank_17"
"Kendrick Bourne",64,"ecr_17",0,"fpts_17",217,"rank_17"
"Kenny Golladay",10,"ecr_17",7.2,"fpts_17",33,"rank_17"
"Larry Fitzgerald",40,"ecr_17",4.5,"fpts_17",51,"rank_17"
"Marcus Johnson",65,"ecr_17",3.1,"fpts_17",69,"rank_17"
"Mecole Hardman",69,"ecr_17",9,"fpts_17",27,"rank_17"
"Michael Gallup",16,"ecr_17",27.8,"fpts_17",1,"rank_17"
"Michael Thomas",2,"ecr_17",3.7,"fpts_17",62,"rank_17"
"Mike Williams",24,"ecr_17",3.8,"fpts_17",60,"rank_17"
"Mohamed Sanu",58,"ecr_17",3.5,"fpts_17",64,"rank_17"
"N'Keal Harry",56,"ecr_17",3.8,"fpts_17",59,"rank_17"
"Randall Cobb",53,"ecr_17",8.1,"fpts_17",29,"rank_17"
"Robby Anderson",32,"ecr_17",1.8,"fpts_17",83,"rank_17"
"Robert Woods",11,"ecr_17",13.6,"fpts_17",14,"rank_17"
"Russell Gage",44,"ecr_17",6.8,"fpts_17",34,"rank_17"
"Sammy Watkins",46,"ecr_17",0.8,"fpts_17",101,"rank_17"
"Stefon Diggs",70,"ecr_17",0,"fpts_17",369,"rank_17"
"Sterling Shepard",23,"ecr_17",3.9,"fpts_17",57,"rank_17"
"Steven Sims",36,"ecr_17",13.5,"fpts_17",15,"rank_17"
"T.Y. Hilton",25,"ecr_17",7.2,"fpts_17",32,"rank_17"
"Tajae Sharpe",63,"ecr_17",1.3,"fpts_17",93,"rank_17"
"Ted Ginn",61,"ecr_17",1,"fpts_17",99,"rank_17"
"Tim Patrick",66,"ecr_17",1.4,"fpts_17",88,"rank_17"
"Tre'Quan Smith",68,"ecr_17",11.6,"fpts_17",21,"rank_17"
"Tyler Boyd",15,"ecr_17",5.9,"fpts_17",42,"rank_17"
"Tyler Lockett",14,"ecr_17",11.1,"fpts_17",23,"rank_17"
"Tyreek Hill",3,"ecr_17",6.1,"fpts_17",41,"rank_17"
"Tyrell Williams",42,"ecr_17",0,"fpts_17",367,"rank_17"
"Vyncint Smith",62,"ecr_17",5.6,"fpts_17",43,"rank_17"
"Zach Pascal",45,"ecr_17",1.4,"fpts_17",90,"rank_17"
