"Rank","Player","REC","TGT","YDS","Y/R","LG","20+","TD","ATT","YDS","TD","FL","G","FPTS","FPTS/G","OWN"
"1","A.J. Brown (TEN)","5","7","153","30.6","91","2","2","1","13","0","0","1","28.6","28.6","99.0%"
"2","Darius Slayton (NYG)","5","8","154","30.8","55","3","2","0","0","0","0","1","27.4","27.4","85.0%"
"3","Emmanuel Sanders (NO)","7","9","157","22.4","75","2","1","0","0","0","0","1","27.1","27.1","73.0%"
"4","Diontae Johnson (PIT)","6","8","60","10.0","18","0","1","1","16","0","0","1","19.6","19.6","82.0%"
"5","Michael Thomas (NO)","11","15","134","12.2","49","2","1","0","0","0","0","1","19.4","19.4","100.0%"
"6","DeAndre Hopkins (ARI)","7","13","120","17.1","43","1","1","1","12","0","0","1","19.2","19.2","100.0%"
"7","Robert Woods (LAR)","7","9","98","14.0","20","1","1","2","29","0","0","1","18.7","18.7","94.0%"
"8","Robby Anderson (CAR)","7","11","117","16.7","39","2","1","1","4","0","0","1","18.1","18.1","47.0%"
"9","Allen Robinson (CHI)","5","8","48","9.6","22","1","2","0","0","0","0","1","16.8","16.8","99.0%"
"10","Marcus Johnson (IND)","3","7","105","35.0","50","2","1","0","0","0","0","1","16.5","16.5","0.0%"
"11","Julian Edelman (NE)","8","12","95","11.9","37","1","1","1","8","0","0","1","16.3","16.3","91.0%"
"12","Zach Pascal (IND)","5","9","74","14.8","37","1","1","0","0","0","0","1","15.4","15.4","3.0%"
"13","Olamide Zaccheaus (ATL)","1","2","93","93.0","93","1","1","0","0","0","0","1","15.3","15.3","0.0%"
"14","Amari Cooper (DAL)","6","8","83","13.8","27","1","1","0","0","0","0","1","14.3","14.3","99.0%"
"15","Kendrick Bourne (SF)","3","4","18","6.0","6","0","2","0","0","0","0","1","13.8","13.8","2.0%"
"16","Calvin Ridley (ATL)","5","5","76","15.2","18","0","1","0","0","0","0","1","13.6","13.6","96.0%"
"17","Breshad Perriman (NYJ)","3","5","70","23.3","31","2","1","0","0","0","0","1","13.0","13.0","39.0%"
"18","Mike Williams (LAC)","2","3","63","31.5","44","1","1","0","0","0","0","1","12.3","12.3","72.0%"
"19","Mike Evans (TB)","1","2","61","61.0","61","1","1","0","0","0","0","1","12.1","12.1","100.0%"
"20","Justin Watson (TB)","5","8","59","11.8","17","0","1","0","0","0","0","1","11.9","11.9","1.0%"
"21","Kenny Golladay (DET)","6","8","58","9.7","18","0","1","0","0","0","0","1","11.8","11.8","99.0%"
"22","Terry McLaurin (WAS)","4","7","57","14.3","21","1","1","0","0","0","0","1","11.7","11.7","95.0%"
"23","Michael Gallup (DAL)","6","10","109","18.2","24","3","0","0","0","0","0","1","10.9","10.9","93.0%"
"24","Cole Beasley (BUF)","4","7","29","7.3","14","0","1","0","0","0","0","1","10.9","10.9","11.0%"
"25","Deebo Samuel (SF)","5","8","76","15.2","25","2","0","2","33","0","0","1","10.9","10.9","89.0%"
"26","Mecole Hardman (KC)","1","1","48","48.0","48","1","1","0","0","0","0","1","10.8","10.8","68.0%"
"27","Cooper Kupp (LAR)","4","4","45","11.3","21","1","1","0","0","0","0","1","10.5","10.5","97.0%"
"28","Anthony Miller (CHI)","3","4","42","14.0","21","1","1","0","0","0","0","1","10.2","10.2","50.0%"
"29","Isaiah Ford (MIA)","6","9","92","15.3","25","1","0","0","0","0","0","1","9.2","9.2","0.0%"
"30","Stefon Diggs (BUF)","6","9","92","15.3","44","1","0","0","0","0","0","1","9.2","9.2","95.0%"
"31","Chris Godwin (TB)","7","9","91","13.0","28","1","0","0","0","0","0","1","9.1","9.1","100.0%"
"32","Christian Kirk (ARI)","8","9","85","10.6","31","1","0","1","4","0","0","1","8.9","8.9","60.0%"
"33","Tre'Quan Smith (NO)","2","4","29","14.5","18","0","1","0","0","0","0","1","8.9","8.9","2.0%"
"34","Demaryius Thomas (FA)","2","4","28","14.0","14","0","1","0","0","0","0","1","8.8","8.8","0.0%"
"35","Keenan Allen (LAC)","5","6","83","16.6","45","1","0","0","0","0","0","1","8.3","8.3","96.0%"
"36","Tyler Boyd (CIN)","5","6","75","15.0","21","1","0","1","7","0","0","1","8.2","8.2","91.0%"
"37","D.J. Moore (CAR)","4","6","81","20.3","39","1","0","1","0","0","0","1","8.1","8.1","98.0%"
"38","D.K. Metcalf (SEA)","6","6","78","13.0","35","1","0","0","0","0","0","1","7.8","7.8","97.0%"
"39","Jarvis Landry (CLE)","4","7","76","19.0","34","2","0","0","0","0","0","1","7.6","7.6","92.0%"
"40","D.J. Chark (JAC)","9","10","75","8.3","22","1","0","0","0","0","0","1","7.5","7.5","95.0%"
"41","Willie Snead (BAL)","3","4","13","4.3","7","0","1","0","0","0","0","1","7.3","7.3","1.0%"
"42","Tyreek Hill (KC)","6","8","62","10.3","21","1","0","2","8","0","0","1","7.0","7.0","100.0%"
"43","Olabisi Johnson (MIN)","1","1","9","9.0","9","0","1","0","0","0","0","1","6.9","6.9","1.0%"
"44","Allen Hurns (MIA)","5","8","68","13.6","17","0","0","0","0","0","0","1","6.8","6.8","0.0%"
"45","Julio Jones (ATL)","5","8","66","13.2","38","1","0","0","0","0","0","1","6.6","6.6","100.0%"
"46","Alex Erickson (CIN)","5","7","45","9.0","12","0","0","0","0","0","0","1","5.5","5.5","1.0%"
"47","Sammy Watkins (KC)","4","8","50","12.5","23","1","0","0","0","0","0","1","5.0","5.0","59.0%"
"48","Ted Ginn (CHI)","4","6","50","12.5","25","1","0","0","0","0","0","1","5.0","5.0","1.0%"
"49","Tim Patrick (DEN)","2","3","50","25.0","37","1","0","0","0","0","0","1","5.0","5.0","0.0%"
"50","Keke Coutee (HOU)","5","8","68","13.6","22","2","0","0","0","0","1","1","4.8","4.8","1.0%"
"51","Randall Cobb (HOU)","2","5","43","21.5","35","1","0","0","0","0","0","1","4.3","4.3","10.0%"
"52","Tyler Lockett (SEA)","4","6","43","10.8","19","0","0","0","0","0","0","1","4.3","4.3","97.0%"
"53","Curtis Samuel (CAR)","2","4","25","12.5","13","0","0","3","17","0","0","1","4.2","4.2","40.0%"
"54","Laquon Treadwell (ATL)","2","2","42","21.0","36","1","0","0","0","0","0","1","4.2","4.2","0.0%"
"55","Davante Adams (GB)","4","6","41","10.3","15","0","0","0","0","0","0","1","4.1","4.1","100.0%"
"56","Steven Sims (WAS)","4","7","40","10.0","13","0","0","0","0","0","0","1","4.0","4.0","7.0%"
"57","Odell Beckham Jr. (CLE)","2","5","39","19.5","21","1","0","0","0","0","0","1","3.9","3.9","100.0%"
"58","Marvin Jones (DET)","3","7","38","12.7","18","0","0","0","0","0","0","1","3.8","3.8","76.0%"
"59","Vyncint Smith (NYJ)","1","3","37","37.0","37","1","0","0","0","0","0","1","3.7","3.7","0.0%"
"60","DaeSean Hamilton (DEN)","2","4","36","18.0","27","1","0","0","0","0","0","1","3.6","3.6","1.0%"
"61","Sterling Shepard (NYG)","4","7","28","7.0","8","0","0","1","8","0","0","1","3.6","3.6","55.0%"
"62","Jakobi Meyers (NE)","1","3","35","35.0","35","1","0","0","0","0","0","1","3.5","3.5","1.0%"
"63","Tyrell Williams (LV)","3","4","35","11.7","18","0","0","0","0","0","0","1","3.5","3.5","23.0%"
"64","Danny Amendola (DET)","5","8","34","6.8","10","0","0","0","0","0","0","1","3.4","3.4","3.0%"
"65","Greg Ward (PHI)","4","9","34","8.5","13","0","0","0","0","0","0","1","3.4","3.4","1.0%"
"66","Courtland Sutton (DEN)","5","7","34","6.8","11","0","0","0","0","0","0","1","3.4","3.4","97.0%"
"67","Josh Gordon (FA)","2","5","34","17.0","23","1","0","0","0","0","0","1","3.4","3.4","4.0%"
"68","Corey Davis (TEN)","2","4","34","17.0","24","1","0","0","0","0","0","1","3.4","3.4","8.0%"
"69","James Washington (PIT)","4","4","33","8.3","12","0","0","0","0","0","0","1","3.3","3.3","21.0%"
"70","Jarius Wright (FA)","4","5","30","7.5","15","0","0","0","0","0","0","1","3.0","3.0","0.0%"
"71","Kelvin Harmon (WAS)","1","4","30","30.0","30","1","0","0","0","0","0","1","3.0","3.0","1.0%"
"72","J.J. Arcega-Whiteside (PHI)","2","3","29","14.5","22","1","0","0","0","0","0","1","2.9","2.9","3.0%"
"73","Josh Reynolds (LAR)","0","0","0","0","0","0","0","3","29","0","0","1","2.9","2.9","5.0%"
"74","Jamison Crowder (NYJ)","3","7","29","9.7","17","0","0","0","0","0","0","1","2.9","2.9","55.0%"
"75","John Ross (CIN)","2","3","28","14.0","24","1","0","0","0","0","0","1","2.8","2.8","21.0%"
"76","Cordarrelle Patterson (CHI)","1","1","33","33.0","33","1","0","1","-5","0","0","1","2.8","2.8","1.0%"
"77","DeVante Parker (MIA)","2","2","28","14.0","21","1","0","0","0","0","0","1","2.8","2.8","96.0%"
"78","John Brown (BUF)","3","8","26","8.7","18","0","0","0","0","0","0","1","2.6","2.6","89.0%"
"79","Keelan Doss (LV)","3","3","26","8.7","12","0","0","0","0","0","0","1","2.6","2.6","0.0%"
"80","Dede Westbrook (JAC)","6","7","25","4.2","7","0","0","0","0","0","0","1","2.5","2.5","14.0%"
"81","Isaiah McKenzie (BUF)","3","5","25","8.3","24","1","0","0","0","0","0","1","2.5","2.5","0.0%"
"82","Tajae Sharpe (MIN)","4","4","25","6.3","9","0","0","0","0","0","0","1","2.5","2.5","0.0%"
"83","Deon Cain (PIT)","1","1","22","22.0","22","1","0","0","0","0","0","1","2.2","2.2","0.0%"
"84","Deonte Harris (NO)","1","1","13","13.0","13","0","0","1","8","0","0","1","2.1","2.1","1.0%"
"85","Larry Fitzgerald (ARI)","3","7","20","6.7","9","0","0","0","0","0","0","1","2.0","2.0","23.0%"
"86","Allen Lazard (GB)","2","3","19","9.5","17","0","0","0","0","0","0","1","1.9","1.9","27.0%"
"87","Justin Hardy (FA)","1","1","19","19.0","19","0","0","0","0","0","0","1","1.9","1.9","0.0%"
"88","Russell Gage (ATL)","2","4","17","8.5","14","0","0","0","0","0","0","1","1.7","1.7","3.0%"
"89","Auden Tate (CIN)","1","4","16","16.0","16","0","0","0","0","0","0","1","1.6","1.6","2.0%"
"90","David Moore (SEA)","1","2","15","15.0","15","0","0","0","0","0","0","1","1.5","1.5","1.0%"
"91","Byron Pringle (KC)","1","1","14","14.0","14","0","0","0","0","0","0","1","1.4","1.4","0.0%"
"92","Mohamed Sanu (NE)","1","1","13","13.0","13","0","0","0","0","0","0","1","1.3","1.3","7.0%"
"93","Keelan Cole (JAC)","1","3","12","12.0","12","0","0","0","0","0","0","1","1.2","1.2","0.0%"
"94","Parris Campbell (IND)","3","5","12","4.0","9","0","0","0","0","0","0","1","1.2","1.2","22.0%"
"95","N'Keal Harry (NE)","1","1","12","12.0","12","0","0","0","0","0","0","1","1.2","1.2","47.0%"
"96","Demarcus Robinson (KC)","1","2","12","12.0","12","0","0","0","0","0","0","1","1.2","1.2","2.0%"
"97","Geronimo Allison (DET)","1","1","11","11.0","11","0","0","0","0","0","0","1","1.1","1.1","1.0%"
"98","Kalif Raymond (TEN)","1","2","11","11.0","11","0","0","0","0","0","0","1","1.1","1.1","0.0%"
"99","Golden Tate (NYG)","1","5","11","11.0","11","0","0","0","0","0","0","1","1.1","1.1","45.0%"
"100","Malik Turner (FA)","1","3","10","10.0","10","0","0","0","0","0","0","1","1.0","1.0","0.0%"
"101","Damiere Byrd (NE)","1","1","10","10.0","10","0","0","0","0","0","0","1","1.0","1.0","0.0%"
"102","Michael Walker (JAC)","1","1","9","9.0","9","0","0","0","0","0","0","1","0.9","0.9","0.0%"
"103","Seth Roberts (CAR)","1","4","8","8.0","8","0","0","0","0","0","0","1","0.8","0.8","0.0%"
"104","Kenny Stills (HOU)","2","2","8","4.0","5","0","0","0","0","0","0","1","0.8","0.8","11.0%"
"105","Chris Conley (JAC)","1","3","7","7.0","7","0","0","0","0","0","0","1","0.7","0.7","3.0%"
"106","Brandon Zylstra (CAR)","1","2","7","7.0","7","0","0","0","0","0","0","1","0.7","0.7","0.0%"
"107","Andy Isabella (ARI)","1","1","5","5.0","5","0","0","0","0","0","0","1","0.5","0.5","3.0%"
"108","Riley Ridley (CHI)","1","1","5","5.0","5","0","0","0","0","0","0","1","0.5","0.5","0.0%"
"109","Zay Jones (LV)","1","3","5","5.0","5","0","0","0","0","0","0","1","0.5","0.5","1.0%"
"110","Albert Wilson (MIA)","1","2","5","5.0","5","0","0","0","0","0","0","1","0.5","0.5","1.0%"
"111","Pharoh Cooper (CAR)","1","1","5","5.0","5","0","0","0","0","0","0","1","0.5","0.5","0.0%"
"112","Collin Johnson (JAC)","0","0","0","0","0","0","0","0","0","0","0","0","0","0","0.0%"
"113","Anthony Johnson (PIT)","0","0","0","0","0","0","0","0","0","0","0","0","0","0","0.0%"
"114","Amara Darboh (PIT)","0","0","0","0","0","0","0","0","0","0","0","0","0","0","0.0%"
"115","Hakeem Butler (ARI)","0","0","0","0","0","0","0","0","0","0","0","0","0","0","1.0%"
"116","Jalen Hurd (SF)","0","0","0","0","0","0","0","0","0","0","0","0","0","0","4.0%"
"117","Chad Hansen (HOU)","0","0","0","0","0","0","0","0","0","0","0","0","0","0","0.0%"
"118","Terry Godwin (JAC)","0","0","0","0","0","0","0","0","0","0","0","0","0","0","0.0%"
"119","Alexander Hollins (MIN)","0","1","0","0","0","0","0","0","0","0","0","1","0.0","0.0","0.0%"
"120","Shawn Poindexter (SF)","0","0","0","0","0","0","0","0","0","0","0","0","0","0","0.0%"
"121","Hunter Renfrow (LV)","0","0","0","0","0","0","0","0","0","0","0","0","0","0","40.0%"
"122","A.J. Richardson (ARI)","0","0","0","0","0","0","0","0","0","0","0","0","0","0","0.0%"
"123","DaMarkus Lodge (CIN)","0","0","0","0","0","0","0","0","0","0","0","0","0","0","0.0%"
"124","Shaq Roland (CHI)","0","0","0","0","0","0","0","0","0","0","0","0","0","0","0.0%"
"125","Chad Beebe (MIN)","0","0","0","0","0","0","0","0","0","0","0","0","0","0","0.0%"
"126","Cam Sims (WAS)","0","0","0","0","0","0","0","0","0","0","0","1","0.0","0.0","0.0%"
"127","De'Mornay Pierson-El (LV)","0","0","0","0","0","0","0","0","0","0","0","0","0","0","0.0%"
"128","Saeed Blacknall (PIT)","0","0","0","0","0","0","0","0","0","0","0","0","0","0","0.0%"
"129","Devin Ross (NE)","0","0","0","0","0","0","0","0","0","0","0","0","0","0","0.0%"
"130","Rico Gafford (LV)","1","1","49","49.0","49","1","1","0","0","0","0","1","0.0","0.0","0.0%"
"131","Noah Brown (DAL)","0","0","0","0","0","0","0","0","0","0","0","0","0","0","0.0%"
"132","Khadarel Hodge (CLE)","0","1","0","0","0","0","0","0","0","0","0","1","0.0","0.0","0.0%"
"133","Travis Fulgham (GB)","0","0","0","0","0","0","0","0","0","0","0","0","0","0","0.0%"
"134","Malik Taylor (GB)","0","0","0","0","0","0","0","0","0","0","0","0","0","0","0.0%"
"135","Kabion Ento (GB)","0","0","0","0","0","0","0","0","0","0","0","0","0","0","0.0%"
"136","Joe Fortson (KC)","0","0","0","0","0","0","0","0","0","0","0","0","0","0","0.0%"
"137","Trinity Benson (DEN)","0","0","0","0","0","0","0","0","0","0","0","0","0","0","0.0%"
"138","Tyron Johnson (LAC)","0","0","0","0","0","0","0","0","0","0","0","0","0","0","0.0%"
"139","Jeff Smith (NYJ)","0","0","0","0","0","0","0","0","0","0","0","0","0","0","0.0%"
"140","Penny Hart (SEA)","0","0","0","0","0","0","0","0","0","0","0","0","0","0","0.0%"
"141","Stephen Carlson (CLE)","0","1","0","0","0","0","0","0","0","0","0","1","0.0","0.0","0.0%"
"142","Duke Williams (BUF)","0","0","0","0","0","0","0","0","0","0","0","0","0","0","0.0%"
"143","Jalen Guyton (LAC)","0","2","0","0","0","0","0","0","0","0","0","1","0.0","0.0","0.0%"
"144","Jason Moore (LAC)","0","0","0","0","0","0","0","0","0","0","0","1","0.0","0.0","0.0%"
"145","Nsimba Webster (LAR)","0","0","0","0","0","0","0","0","0","0","0","1","0.0","0.0","0.0%"
"146","Alex Bachman (NYG)","0","0","0","0","0","0","0","0","0","0","0","0","0","0","0.0%"
"147","Malik Henry (IND)","0","0","0","0","0","0","0","0","0","0","0","0","0","0","0.0%"
"148","Trenton Irwin (CIN)","0","0","0","0","0","0","0","0","0","0","0","0","0","0","0.0%"
"149","Johnnie Dixon (ARI)","0","0","0","0","0","0","0","0","0","0","0","0","0","0","0.0%"
"150","Taywan Taylor (CLE)","0","0","0","0","0","0","0","0","0","0","0","0","0","0","0.0%"
"151","Antoine Wesley (BAL)","0","0","0","0","0","0","0","0","0","0","0","0","0","0","0.0%"
"152","Lil'Jordan Humphrey (NO)","0","0","0","0","0","0","0","0","0","0","0","0","0","0","0.0%"
"153","Bryant Mitchell (TB)","0","0","0","0","0","0","0","0","0","0","0","0","0","0","0.0%"
"154","David Sills (NYG)","0","0","0","0","0","0","0","0","0","0","0","0","0","0","0.0%"
"155","Gary Jennings Jr. (MIA)","0","0","0","0","0","0","0","0","0","0","0","0","0","0","0.0%"
"156","Cody Thompson (SEA)","0","0","0","0","0","0","0","0","0","0","0","0","0","0","0.0%"
"157","Jon'Vea Johnson (DAL)","0","0","0","0","0","0","0","0","0","0","0","0","0","0","0.0%"
"158","Cam Batson (TEN)","0","0","0","0","0","0","0","0","0","0","0","0","0","0","0.0%"
"159","JuJu Smith-Schuster (PIT)","0","0","0","0","0","0","0","0","0","0","0","0","0","0","99.0%"
"160","Preston Williams (MIA)","0","0","0","0","0","0","0","0","0","0","0","0","0","0","41.0%"
"161","KeeSean Johnson (ARI)","0","0","0","0","0","0","0","0","0","0","0","0","0","0","1.0%"
"162","Nick Easley (BUF)","0","0","0","0","0","0","0","0","0","0","0","0","0","0","0.0%"
"163","Ishmael Hyman (CAR)","0","0","0","0","0","0","0","0","0","0","0","0","0","0","0.0%"
"164","John Ursua (SEA)","0","0","0","0","0","0","0","0","0","0","0","0","0","0","0.0%"
"165","Scott Miller (TB)","0","0","0","0","0","0","0","0","0","0","0","0","0","0","0.0%"
"166","Quinton Bell (TB)","0","0","0","0","0","0","0","0","0","0","0","0","0","0","1.0%"
"167","Juwann Winfree (DEN)","0","0","0","0","0","0","0","0","0","0","0","0","0","0","0.0%"
"168","Dillon Mitchell (MIN)","0","0","0","0","0","0","0","0","0","0","0","0","0","0","0.0%"
"169","Ashton Dulin (IND)","0","0","0","0","0","0","0","0","0","0","0","1","0.0","0.0","0.0%"
"170","Miles Boykin (BAL)","0","0","0","0","0","0","0","0","0","0","0","1","0.0","0.0","4.0%"
"171","Bryan Edwards (LV)","0","0","0","0","0","0","0","0","0","0","0","0","0","0","4.0%"
"172","Tyler Johnson (TB)","0","0","0","0","0","0","0","0","0","0","0","0","0","0","2.0%"
"173","Chase Claypool (PIT)","0","0","0","0","0","0","0","0","0","0","0","0","0","0","7.0%"
"174","Stanley Morgan Jr. (CIN)","0","1","0","0","0","0","0","0","0","0","0","1","0.0","0.0","0.0%"
"175","Jordan Veasy (WAS)","0","0","0","0","0","0","0","0","0","0","0","0","0","0","0.0%"
"176","Cyril Grayson (TB)","0","0","0","0","0","0","0","0","0","0","0","0","0","0","0.0%"
"177","Fred Brown (DEN)","0","0","0","0","0","0","0","0","0","0","0","1","0.0","0.0","0.0%"
"178","Victor Bolden Jr. (DET)","0","0","0","0","0","0","0","0","0","0","0","0","0","0","0.0%"
"179","Deante Burton (DAL)","0","0","0","0","0","0","0","0","0","0","0","1","0.0","0.0","0.0%"
"180","Ryan Switzer (PIT)","0","0","0","0","0","0","0","0","0","0","0","0","0","0","0.0%"
"181","Rashard Davis (TEN)","0","0","0","0","0","0","0","0","0","0","0","0","0","0","0.0%"
"182","Marcell Ateman (LV)","0","0","0","0","0","0","0","0","0","0","0","1","0.0","0.0","0.0%"
"183","Andre Patton (ARI)","0","0","0","0","0","0","0","0","0","0","0","1","0.0","0.0","0.0%"
"184","Chris Thompson (SF)","0","0","0","0","0","0","0","0","0","0","0","0","0","0","0.0%"
"185","Justin Hardee (NO)","0","0","0","0","0","0","0","0","0","0","0","1","0.0","0.0","22.0%"
"186","JoJo Natson (CLE)","0","0","0","0","0","0","0","0","0","0","0","0","0","0","0.0%"
"187","C.J. Board (JAC)","0","0","0","0","0","0","0","0","0","0","0","0","0","0","0.0%"
"188","Reggie Davis (CHI)","0","0","0","0","0","0","0","0","0","0","0","0","0","0","0.0%"
"189","Chad Williams (IND)","0","1","0","0","0","0","0","0","0","0","0","1","0.0","0.0","0.0%"
"190","Isaac Whitney (HOU)","0","0","0","0","0","0","0","0","0","0","0","0","0","0","0.0%"
"191","Deontay Burnett (PHI)","0","0","0","0","0","0","0","0","0","0","0","0","0","0","0.0%"
"192","Mack Hollins (MIA)","0","1","0","0","0","0","0","0","0","0","0","1","0.0","0.0","0.0%"
"193","Jehu Chesson (NYJ)","0","0","0","0","0","0","0","0","0","0","0","0","0","0","0.0%"
"194","Artavis Scott (IND)","0","0","0","0","0","0","0","0","0","0","0","0","0","0","0.0%"
"195","Robert Davis (PHI)","0","0","0","0","0","0","0","0","0","0","0","0","0","0","0.0%"
"196","Darvin Kidsy (WAS)","0","0","0","0","0","0","0","0","0","0","0","1","0.0","0.0","0.0%"
"197","Da'Mari Scott (NYG)","0","0","0","0","0","0","0","0","0","0","0","1","0.0","0.0","0.0%"
"198","Devin Gray (ATL)","0","0","0","0","0","0","0","0","0","0","0","0","0","0","0.0%"
"199","Steven Mitchell Jr. (HOU)","0","0","0","0","0","0","0","0","0","0","0","0","0","0","0.0%"
"200","Codey McElroy (TB)","0","0","0","0","0","0","0","0","0","0","0","0","0","0","0.0%"
"201","Trent Sherfield (ARI)","0","0","0","0","0","0","0","0","0","0","0","1","0.0","0.0","0.0%"
"202","Keith Kirkwood (CAR)","0","0","0","0","0","0","0","0","0","0","0","0","0","0","0.0%"
"203","Christian Blake (ATL)","0","0","0","0","0","0","0","0","0","0","0","1","0.0","0.0","0.0%"
"204","Brandon Powell (ATL)","0","0","0","0","0","0","0","0","0","0","0","0","0","0","0.0%"
"205","Krishawn Hogan (FA)","0","0","0","0","0","0","0","0","0","0","0","1","0.0","0.0","0.0%"
"206","Gehrig Dieter (KC)","0","0","0","0","0","0","0","0","0","0","0","0","0","0","0.0%"
"207","Jester Weah (WAS)","0","0","0","0","0","0","0","0","0","0","0","0","0","0","0.0%"
"208","Austin Carr (NO)","0","0","0","0","0","0","0","0","0","0","0","0","0","0","0.0%"
"209","J'Mon Moore (CLE)","0","0","0","0","0","0","0","0","0","0","0","0","0","0","0.0%"
"210","Braxton Berrios (NYJ)","0","1","0","0","0","0","0","0","0","0","0","1","0.0","0.0","0.0%"
"211","Josh Malone (NYJ)","0","0","0","0","0","0","0","0","0","0","0","0","0","0","0.0%"
"212","Cody Hollister (TEN)","0","0","0","0","0","0","0","0","0","0","0","1","0.0","0.0","0.0%"
"213","Trey Quinn (WAS)","0","0","0","0","0","0","0","0","0","0","0","0","0","0","0.0%"
"214","Quincy Adeboyejo (NE)","0","0","0","0","0","0","0","0","0","0","0","0","0","0","0.0%"
"215","Dante Pettis (SF)","0","0","0","0","0","0","0","0","0","0","0","0","0","0","1.0%"
"216","Cedrick Wilson (DAL)","0","1","0","0","0","0","0","0","0","0","0","1","0.0","0.0","0.0%"
"217","Jaleel Scott (BAL)","0","0","0","0","0","0","0","0","0","0","0","0","0","0","0.0%"
"218","Chris Lacy (FA)","0","0","0","0","0","0","0","0","0","0","0","1","0.0","0.0","0.0%"
"219","Marquez Valdes-Scantling (GB)","0","0","0","0","0","0","0","0","0","0","0","1","0.0","0.0","2.0%"
"220","Dylan Cantrell (ARI)","0","0","0","0","0","0","0","0","0","0","0","0","0","0","0.0%"
"221","Damion Ratley (CLE)","0","1","0","0","0","0","0","0","0","0","0","1","0.0","0.0","0.0%"
"222","Equanimeous St. Brown (GB)","0","0","0","0","0","0","0","0","0","0","0","0","0","0","0.0%"
"223","Daurice Fountain (IND)","0","0","0","0","0","0","0","0","0","0","0","0","0","0","0.0%"
"224","Trent Taylor (SF)","0","0","0","0","0","0","0","0","0","0","0","0","0","0","0.0%"
"225","Robert Foster (BUF)","0","4","0","0","0","0","0","0","0","0","0","1","0.0","0.0","0.0%"
"226","Emmanuel Butler (NO)","0","0","0","0","0","0","0","0","0","0","0","0","0","0","0.0%"
"227","Javon Wims (CHI)","0","3","0","0","0","0","0","0","0","0","0","1","0.0","0.0","0.0%"
"228","Ventell Bryant (DAL)","0","0","0","0","0","0","0","0","0","0","0","1","0.0","0.0","0.0%"
"229","DJ Montgomery (CLE)","0","0","0","0","0","0","0","0","0","0","0","0","0","0","0.0%"
"230","Tyrie Cleveland (DEN)","0","0","0","0","0","0","0","0","0","0","0","0","0","0","0.0%"
"231","Ja'Marcus Bradley (CLE)","0","0","0","0","0","0","0","0","0","0","0","0","0","0","0.0%"
"232","Freddie Swain (SEA)","0","0","0","0","0","0","0","0","0","0","0","0","0","0","0.0%"
"233","Quez Watkins (PHI)","0","0","0","0","0","0","0","0","0","0","0","0","0","0","0.0%"
"234","K.J. Osborn (MIN)","0","0","0","0","0","0","0","0","0","0","0","0","0","0","0.0%"
"235","Aaron Parker (DAL)","0","0","0","0","0","0","0","0","0","0","0","0","0","0","0.0%"
"236","Chris Finke (SF)","0","0","0","0","0","0","0","0","0","0","0","0","0","0","0.0%"
"237","Mason Kinsey (TEN)","0","0","0","0","0","0","0","0","0","0","0","0","0","0","0.0%"
"238","Lawrence Cager (NYJ)","0","0","0","0","0","0","0","0","0","0","0","0","0","0","0.0%"
"239","Austin Mack (NYG)","0","0","0","0","0","0","0","0","0","0","0","0","0","0","0.0%"
"240","Johnathon Johnson (WAS)","0","0","0","0","0","0","0","0","0","0","0","0","0","0","0.0%"
"241","Trishton Jackson (LAR)","0","0","0","0","0","0","0","0","0","0","0","0","0","0","0.0%"
"242","Omar Bayless (CAR)","0","0","0","0","0","0","0","0","0","0","0","0","0","0","0.0%"
"243","Stephen Sullivan (SEA)","0","0","0","0","0","0","0","0","0","0","0","0","0","0","0.0%"
"244","Antonio Gibson (WAS)","0","0","0","0","0","0","0","0","0","0","0","0","0","0","44.0%"
"245","Binjimen Victor (NYG)","0","0","0","0","0","0","0","0","0","0","0","0","0","0","0.0%"
"246","Ahmad Wagner (CHI)","0","0","0","0","0","0","0","0","0","0","0","0","0","0","0.0%"
"247","Isaiah Wright (WAS)","0","0","0","0","0","0","0","0","0","0","0","0","0","0","0.0%"
"248","Darrell Stewart Jr. (GB)","0","0","0","0","0","0","0","0","0","0","0","0","0","0","0.0%"
"249","Jauan Jennings (SF)","0","0","0","0","0","0","0","0","0","0","0","0","0","0","0.0%"
"250","Lynn Bowden Jr. (LV)","0","0","0","0","0","0","0","0","0","0","0","0","0","0","6.0%"
"251","Juwan Johnson (NO)","0","0","0","0","0","0","0","0","0","0","0","0","0","0","0.0%"
"252","Quartney Davis (MIN)","0","0","0","0","0","0","0","0","0","0","0","0","0","0","0.0%"
"253","Dezmon Patmon (IND)","0","0","0","0","0","0","0","0","0","0","0","0","0","0","0.0%"
"254","George Campbell (NYJ)","0","0","0","0","0","0","0","0","0","0","0","0","0","0","0.0%"
"255","Zimari Manning (DEN)","0","0","0","0","0","0","0","0","0","0","0","0","0","0","0.0%"
"256","Kendall Hinton (DEN)","0","0","0","0","0","0","0","0","0","0","0","0","0","0","0.0%"
"257","Kristian Wilkerson (TEN)","0","0","0","0","0","0","0","0","0","0","0","0","0","0","0.0%"
"258","Kyle Williams (TEN)","0","0","0","0","0","0","0","0","0","0","0","0","0","0","0.0%"
"259","Tyler Simmons (HOU)","0","0","0","0","0","0","0","0","0","0","0","0","0","0","0.0%"
"260","Jaylon Moore (BAL)","0","0","0","0","0","0","0","0","0","0","0","0","0","0","0.0%"
"261","Scotty Washington (CIN)","0","0","0","0","0","0","0","0","0","0","0","0","0","0","0.0%"
"262","Isaiah Zuber (NE)","0","0","0","0","0","0","0","0","0","0","0","0","0","0","0.0%"
"263","Darnell Mooney (CHI)","0","0","0","0","0","0","0","0","0","0","0","0","0","0","0.0%"
"264","Malcolm Perry (MIA)","0","0","0","0","0","0","0","0","0","0","0","0","0","0","0.0%"
"265","Isaiah Coulter (HOU)","0","0","0","0","0","0","0","0","0","0","0","0","0","0","0.0%"
"266","Kirk Merritt (MIA)","0","0","0","0","0","0","0","0","0","0","0","0","0","0","0.0%"
"267","Nick Westbrook (TEN)","0","0","0","0","0","0","0","0","0","0","0","0","0","0","0.0%"
"268","Manasseh Bailey (PHI)","0","0","0","0","0","0","0","0","0","0","0","0","0","0","0.0%"
"269","CeeDee Lamb (DAL)","0","0","0","0","0","0","0","0","0","0","0","0","0","0","81.0%"
"270","Jerry Jeudy (DEN)","0","0","0","0","0","0","0","0","0","0","0","0","0","0","83.0%"
"271","Reggie Begelton (GB)","0","0","0","0","0","0","0","0","0","0","0","0","0","0","0.0%"
"272","Gunner Olszewski (NE)","0","0","0","0","0","0","0","0","0","0","0","0","0","0","0.0%"
"273","Tee Higgins (CIN)","0","0","0","0","0","0","0","0","0","0","0","0","0","0","20.0%"
"274","Damion Willis (CIN)","0","0","0","0","0","0","0","0","0","0","0","0","0","0","0.0%"
"275","Tom Kennedy (DET)","0","0","0","0","0","0","0","0","0","0","0","0","0","0","0.0%"
"276","Darrius Shepherd (GB)","0","0","0","0","0","0","0","0","0","0","0","0","0","0","0.0%"
"277","Thomas Ives (CHI)","0","0","0","0","0","0","0","0","0","0","0","0","0","0","0.0%"
"278","Henry Ruggs III (LV)","0","0","0","0","0","0","0","0","0","0","0","0","0","0","58.0%"
"279","Jalen Reagor (PHI)","0","0","0","0","0","0","0","0","0","0","0","0","0","0","72.0%"
"280","Marquez Callaway (NO)","0","0","0","0","0","0","0","0","0","0","0","0","0","0","0.0%"
"281","James Proche (BAL)","0","0","0","0","0","0","0","0","0","0","0","0","0","0","0.0%"
"282","Easop Winston Jr. (LAR)","0","0","0","0","0","0","0","0","0","0","0","0","0","0","0.0%"
"283","Van Jefferson (LAR)","0","0","0","0","0","0","0","0","0","0","0","0","0","0","3.0%"
"284","Jeff Thomas (NE)","0","0","0","0","0","0","0","0","0","0","0","0","0","0","0.0%"
"285","Joe Reed (LAC)","0","0","0","0","0","0","0","0","0","0","0","0","0","0","0.0%"
"286","Kalija Lipscomb (KC)","0","0","0","0","0","0","0","0","0","0","0","0","0","0","0.0%"
"287","Gabriel Davis (BUF)","0","0","0","0","0","0","0","0","0","0","0","0","0","0","1.0%"
"288","Quintez Cephus (DET)","0","0","0","0","0","0","0","0","0","0","0","0","0","0","1.0%"
"289","Isaiah Hodgins (BUF)","0","0","0","0","0","0","0","0","0","0","0","0","0","0","0.0%"
"290","Denzel Mims (NYJ)","0","0","0","0","0","0","0","0","0","0","0","0","0","0","31.0%"
"291","Laviska Shenault Jr. (JAC)","0","0","0","0","0","0","0","0","0","0","0","0","0","0","15.0%"
"292","Antonio Gandy-Golden (WAS)","0","0","0","0","0","0","0","0","0","0","0","0","0","0","2.0%"
"293","K.J. Hill (LAC)","0","0","0","0","0","0","0","0","0","0","0","0","0","0","1.0%"
"294","John Hightower (PHI)","0","0","0","0","0","0","0","0","0","0","0","0","0","0","1.0%"
"295","Aaron Fuller (SEA)","0","0","0","0","0","0","0","0","0","0","0","0","0","0","0.0%"
"296","Donovan Peoples-Jones (CLE)","0","0","0","0","0","0","0","0","0","0","0","0","0","0","1.0%"
"297","Michael Pittman Jr. (IND)","0","0","0","0","0","0","0","0","0","0","0","0","0","0","42.0%"
"298","Devin Duvernay (BAL)","0","0","0","0","0","0","0","0","0","0","0","0","0","0","4.0%"
"299","KJ Hamler (DEN)","0","0","0","0","0","0","0","0","0","0","0","0","0","0","3.0%"
"300","Brandon Aiyuk (SF)","0","0","0","0","0","0","0","0","0","0","0","0","0","0","61.0%"
"301","Justin Jefferson (MIN)","0","0","0","0","0","0","0","0","0","0","0","0","0","0","54.0%"
"302","Stephen Guidry (DAL)","0","0","0","0","0","0","0","0","0","0","0","0","0","0","0.0%"
"303","Rysen John (NYG)","0","0","0","0","0","0","0","0","0","0","0","0","0","0","0.0%"
"304","Derrick Dillon (NYG)","0","0","0","0","0","0","0","0","0","0","0","0","0","0","0.0%"
"305","Matt Cole (MIA)","0","0","0","0","0","0","0","0","0","0","0","0","0","0","0.0%"
"306","Maurice Ffrench (KC)","0","0","0","0","0","0","0","0","0","0","0","0","0","0","0.0%"
"307","Jeff Cotton (LAC)","0","0","0","0","0","0","0","0","0","0","0","0","0","0","0.0%"
"308","Dalton Schoen (LAC)","0","0","0","0","0","0","0","0","0","0","0","0","0","0","0.0%"
"309","J.J. Koski (LAR)","0","0","0","0","0","0","0","0","0","0","0","0","0","0","0.0%"
"310","Earnest Edwards (LAR)","0","0","0","0","0","0","0","0","0","0","0","0","0","0","0.0%"
"311","Brandon Polk (LAR)","0","0","0","0","0","0","0","0","0","0","0","0","0","0","0.0%"
"312","Siaosi Mariner (LV)","0","0","0","0","0","0","0","0","0","0","0","0","0","0","0.0%"
"313","Josh Hammond (JAC)","0","0","0","0","0","0","0","0","0","0","0","0","0","0","0.0%"
"314","Marvelle Ross (JAC)","0","0","0","0","0","0","0","0","0","0","0","0","0","0","0.0%"
"315","De'Michael Harris (IND)","0","0","0","0","0","0","0","0","0","0","0","0","0","0","0.0%"
"316","Justice Shelton-Mosley (KC)","0","0","0","0","0","0","0","0","0","0","0","0","0","0","0.0%"
"317","JoJo Ward (ARI)","0","0","0","0","0","0","0","0","0","0","0","0","0","0","0.0%"
"318","TreVontae Hights (CAR)","0","0","0","0","0","0","0","0","0","0","0","0","0","0","0.0%"
"319","Chris Rowland (ATL)","0","0","0","0","0","0","0","0","0","0","0","0","0","0","0.0%"
"320","Jalen McCleskey (ATL)","0","0","0","0","0","0","0","0","0","0","0","0","0","0","0.0%"
"321","Juwan Green (ATL)","0","0","0","0","0","0","0","0","0","0","0","0","0","0","0.0%"
"322","Josh Pearson (TB)","0","0","0","0","0","0","0","0","0","0","0","0","0","0","0.0%"
"323","John Hurst (TB)","0","0","0","0","0","0","0","0","0","0","0","0","0","0","0.0%"
"324","Andre Baccellia (KC)","0","0","0","0","0","0","0","0","0","0","0","0","0","0","0.0%"
"325","Dan Chisena (MIN)","0","0","0","0","0","0","0","0","0","0","0","0","0","0","0.0%"
"326","Eron Riley (NYJ)","0","0","0","0","0","0","0","0","0","0","0","0","0","0",""
"327","Demario Ballard (DET)","0","0","0","0","0","0","0","0","0","0","0","0","0","0",""
"328","Travis Benjamin (SF)","0","0","0","0","0","0","0","0","0","0","0","0","0","0","0.0%"
"329","Patrick Edwards (DET)","0","0","0","0","0","0","0","0","0","0","0","0","0","0",""
"330","T.Y. Hilton (IND)","0","0","0","0","0","0","0","0","0","0","0","0","0","0","94.0%"
"331","Alshon Jeffery (PHI)","0","2","0","0","0","0","0","0","0","0","0","1","0.0","0.0","40.0%"
"332","Taj Smith (IND)","0","0","0","0","0","0","0","0","0","0","0","0","0","0",""
"333","Andy Fantuz (CHI)","0","0","0","0","0","0","0","0","0","0","0","0","0","0",""
"334","A.J. Green (CIN)","0","0","0","0","0","0","0","0","0","0","0","0","0","0","93.0%"
"335","Scotty McKnight (NYJ)","0","0","0","0","0","0","0","0","0","0","0","0","0","0",""
"336","Tavon Austin (FA)","0","2","0","0","0","0","0","0","0","0","0","1","0.0","0.0","0.0%"
"337","Jaron Brown (FA)","0","0","0","0","0","0","0","0","0","0","0","1","0.0","0.0","0.0%"
"338","Marquise Goodwin (PHI)","0","0","0","0","0","0","0","0","0","0","0","0","0","0","1.0%"
"339","Michael Calvin (TEN)","0","0","0","0","0","0","0","0","0","0","0","0","0","0",""
"340","Josh Bellamy (NYJ)","0","0","0","0","0","0","0","0","0","0","0","0","0","0","0.0%"
"341","Kenny McKinley (DEN)","0","0","0","0","0","0","0","0","0","0","0","0","0","0",""
"342","Juaquin Iglesias (MIN)","0","0","0","0","0","0","0","0","0","0","0","0","0","0",""
"343","John Standeford (DET)","0","0","0","0","0","0","0","0","0","0","0","0","0","0",""
"344","Brandon London (PIT)","0","0","0","0","0","0","0","0","0","0","0","0","0","0",""
"345","Bobby Wade (WAS)","0","0","0","0","0","0","0","0","0","0","0","0","0","0",""
"346","Austin Collie (NE)","0","0","0","0","0","0","0","0","0","0","0","0","0","0",""
"347","DeSean Jackson (PHI)","0","0","0","0","0","0","0","0","0","0","0","0","0","0","44.0%"
"348","Chris Henry (CIN)","0","0","0","0","0","0","0","0","0","0","0","0","0","0",""
"349","Jeremy Williams (LAC)","0","0","0","0","0","0","0","0","0","0","0","0","0","0",""
"350","Tyler Grisham (PIT)","0","0","0","0","0","0","0","0","0","0","0","0","0","0",""
"351","Todd Watkins (NYG)","0","0","0","0","0","0","0","0","0","0","0","0","0","0",""
"352","Onrea Jones (CHI)","0","0","0","0","0","0","0","0","0","0","0","0","0","0",""
"353","Patrick Williams (SEA)","0","0","0","0","0","0","0","0","0","0","0","0","0","0",""
"354","Dominique Edison (DAL)","0","0","0","0","0","0","0","0","0","0","0","0","0","0",""
"355","Andre Roberts (BUF)","0","0","0","0","0","0","0","0","0","0","0","1","0.0","0.0","0.0%"
"356","Lance Long (SF)","0","0","0","0","0","0","0","0","0","0","0","0","0","0",""
"357","Maurice Purify (CIN)","0","0","0","0","0","0","0","0","0","0","0","0","0","0",""
"358","Matt Slater (NE)","0","0","0","0","0","0","0","0","0","0","0","1","0.0","0.0","0.0%"
"359","Marko Mitchell (MIN)","0","0","0","0","0","0","0","0","0","0","0","0","0","0",""
"360","Mike Furrey (WAS)","0","0","0","0","0","0","0","0","0","0","0","0","0","0",""
"361","Sam Giguere (NYG)","0","0","0","0","0","0","0","0","0","0","0","0","0","0",""
"362","Rod Harper (PHI)","0","0","0","0","0","0","0","0","0","0","0","0","0","0",""
"363","Nate Hughes (JAC)","0","0","0","0","0","0","0","0","0","0","0","0","0","0",""
"364","DeAndrew White (CAR)","0","0","0","0","0","0","0","0","0","0","0","1","0.0","0.0","0.0%"
"365","Darius Jennings (LAC)","0","0","0","0","0","0","0","0","0","0","0","0","0","0","0.0%"
"366","Adam Humphries (TEN)","0","0","0","0","0","0","0","0","0","0","0","0","0","0","1.0%"
"367","DeAndre Carter (HOU)","0","0","0","0","0","0","0","0","0","0","0","1","0.0","0.0","0.0%"
"368","Jake Kumerow (GB)","0","0","0","0","0","0","0","0","0","0","0","1","0.0","0.0","0.0%"
"369","Geremy Davis (DET)","0","0","0","0","0","0","0","0","0","0","0","0","0","0","0.0%"
"370","Tevin Jones (DAL)","0","0","0","0","0","0","0","0","0","0","0","1","0.0","0.0","0.0%"
"371","Chester Rogers (MIA)","0","0","0","0","0","0","0","0","0","0","0","0","0","0","0.0%"
"372","Mike Thomas (CIN)","0","0","0","0","0","0","0","0","0","0","0","1","0.0","0.0","0.0%"
"373","Marvin Hall (DET)","0","0","0","0","0","0","0","0","0","0","0","0","0","0","0.0%"
"374","Tyler Davis (JAC)","0","0","0","0","0","0","0","0","0","0","0","0","0","0",""
"375","Will Fuller (HOU)","0","0","0","0","0","0","0","0","0","0","0","0","0","0","88.0%"
"376","Cody Core (NYG)","0","0","0","0","0","0","0","0","0","0","0","1","0.0","0.0","0.0%"
"377","Jakeem Grant (MIA)","0","0","0","0","0","0","0","0","0","0","0","0","0","0","1.0%"
"378","Tyler Ervin (GB)","0","0","0","0","0","0","0","0","0","0","0","1","0.0","0.0","0.0%"
"379","Ricardo Louis (MIA)","0","0","0","0","0","0","0","0","0","0","0","0","0","0","0.0%"
"380","Chris Moore (BAL)","0","0","0","0","0","0","0","0","0","0","0","1","0.0","0.0","0.0%"
"381","Rashard Higgins (CLE)","0","0","0","0","0","0","0","0","0","0","0","1","0.0","0.0","0.0%"
"382","Josh Doctson (NYJ)","0","0","0","0","0","0","0","0","0","0","0","0","0","0","0.0%"
"383","Corey Coleman (NYG)","0","0","0","0","0","0","0","0","0","0","0","0","0","0","0.0%"
"384","Trevor Davis (CHI)","0","0","0","0","0","0","0","0","0","0","0","0","0","0","0.0%"
"385","Johnny Holton (FA)","0","0","0","0","0","0","0","0","0","0","0","1","0.0","0.0","0.0%"
"386","Phillip Dorsett (SEA)","0","2","0","0","0","0","0","0","0","0","0","1","0.0","0.0","2.0%"
"387","Brandin Cooks (HOU)","0","2","0","0","0","0","0","0","0","0","0","1","0.0","0.0","87.0%"
"388","Marqise Lee (NE)","0","0","0","0","0","0","0","0","0","0","0","0","0","0","2.0%"
"389","De'Anthony Thomas (BAL)","0","0","0","0","0","0","0","0","0","0","0","1","0.0","0.0","0.0%"
"390","Cody Latimer (WAS)","0","0","0","0","0","0","0","0","0","0","0","1","0.0","0.0","0.0%"
"391","Diontae Spencer (DEN)","0","0","0","0","0","0","0","0","0","0","0","1","0.0","0.0","0.0%"
"392","Devin Smith (DAL)","0","0","0","0","0","0","0","0","0","0","0","0","0","0","0.0%"
"393","Nelson Agholor (LV)","0","0","0","0","0","0","0","0","0","0","0","0","0","0","2.0%"
"394","Devin Funchess (GB)","0","0","0","0","0","0","0","0","0","0","0","0","0","0","13.0%"
"395","Dontrelle Inman (WAS)","0","0","0","0","0","0","0","0","0","0","0","0","0","0","0.0%"
"396","Bennie Fowler III (NO)","0","0","0","0","0","0","0","0","0","0","0","0","0","0","0.0%"
"397","Adam Thielen (MIN)","0","0","0","0","0","0","0","0","0","0","0","0","0","0","99.0%"
"398","Richie James (SF)","0","0","0","0","0","0","0","1","-1","0","0","1","-0.1","-0.1","0.0%"
"399","Marquise Brown (BAL)","3","3","-2","-0.7","5","0","0","0","0","0","0","1","-0.2","-0.2","93.0%"
"400","Greg Dortch (FA)","0","0","0","0","0","0","0","0","0","0","1","1","-2.0","-2.0","0.0%"
""
""